2026-05-10 02:40:17,737  core.pipeline                   INFO      ============================================================
2026-05-10 02:40:17,737  core.pipeline                   INFO      PIPELINE STARTED
2026-05-10 02:40:17,737  core.pipeline                   INFO      Starting from Sura #1 (الفاتحة), Aya 1
2026-05-10 02:40:17,737  core.pipeline                   INFO      Export images: True
2026-05-10 02:40:17,738  core.pipeline                   INFO      Export coordinates: False
2026-05-10 02:40:17,738  core.pipeline                   INFO      Processing 23 page(s)
2026-05-10 02:40:17,738  core.pipeline                   INFO      ============================================================
2026-05-10 02:40:17,739  core.pipeline                   INFO      Processing 583.png
2026-05-10 02:40:17,851  core.page_processor             INFO      
2026-05-10 02:40:17,851  core.page_processor             INFO      ━━━━━━━━━━━━━━━━━━━━━━━━━━━━━━━━━━━━━━━━━━━━━━━━━━
2026-05-10 02:40:17,851  core.page_processor             INFO      📄 PAGE 1 — 583.png
2026-05-10 02:40:17,852  core.page_processor             INFO      ━━━━━━━━━━━━━━━━━━━━━━━━━━━━━━━━━━━━━━━━━━━━━━━━━━
2026-05-10 02:40:17,867  core.line_detector              INFO        Detected 15 lines
2026-05-10 02:40:17,872  core.classifier                 INFO        line 1: score=1.0000 → SURA
2026-05-10 02:40:17,883  core.classifier                 INFO        line 2: score=0.2364
2026-05-10 02:40:17,919  core.classifier                 INFO        line 3: score=0.2397
2026-05-10 02:40:17,954  core.classifier                 INFO        line 4: score=0.2830
2026-05-10 02:40:17,981  core.classifier                 INFO        line 5: score=0.2575
2026-05-10 02:40:18,013  core.classifier                 INFO        line 6: score=0.2027
2026-05-10 02:40:18,039  core.classifier                 INFO        line 7: score=0.2179
2026-05-10 02:40:18,066  core.classifier                 INFO        line 8: score=0.2200
2026-05-10 02:40:18,096  core.classifier                 INFO        line 9: score=0.2221
2026-05-10 02:40:18,123  core.classifier                 INFO        line 10: score=0.2214
2026-05-10 02:40:18,152  core.classifier                 INFO        line 11: score=0.1976
2026-05-10 02:40:18,177  core.classifier                 INFO        line 12: score=0.2273
2026-05-10 02:40:18,203  core.classifier                 INFO        line 13: score=0.2300
2026-05-10 02:40:18,233  core.classifier                 INFO        line 14: score=0.2588
2026-05-10 02:40:18,259  core.classifier                 INFO        line 15: score=0.2491
2026-05-10 02:40:19,085  core.aya_separator              INFO        Line 3: 3 segment(s), 3 separator(s)
2026-05-10 02:40:19,716  core.aya_separator              INFO        Line 4: 3 segment(s), 3 separator(s)
2026-05-10 02:40:20,375  core.aya_separator              INFO        Line 5: 3 segment(s), 3 separator(s)
2026-05-10 02:40:21,071  core.aya_separator              INFO        Line 6: 3 segment(s), 2 separator(s)
2026-05-10 02:40:21,659  core.aya_separator              INFO        Line 7: 3 segment(s), 2 separator(s)
2026-05-10 02:40:22,438  core.aya_separator              INFO        Line 8: 3 segment(s), 2 separator(s)
2026-05-10 02:40:23,145  core.aya_separator              INFO        Line 9: 3 segment(s), 2 separator(s)
2026-05-10 02:40:23,890  core.aya_separator              INFO        Line 10: 3 segment(s), 2 separator(s)
2026-05-10 02:40:24,531  core.aya_separator              INFO        Line 11: 3 segment(s), 2 separator(s)
2026-05-10 02:40:25,203  core.aya_separator              INFO        Line 12: 3 segment(s), 2 separator(s)
2026-05-10 02:40:25,888  core.aya_separator              INFO        Line 13: 4 segment(s), 3 separator(s)
2026-05-10 02:40:26,633  core.aya_separator              INFO        Line 14: 3 segment(s), 2 separator(s)
2026-05-10 02:40:27,426  core.aya_separator              INFO        Line 15: 2 segment(s), 2 separator(s)
2026-05-10 02:40:27,426  core.coordinate_exporter        INFO        Line 1: 📖 SURA HEADER — Starting Sura #2: البقرة (Al-Baqarah)
2026-05-10 02:40:27,427  core.coordinate_exporter        INFO          Total ayas in this sura: 286
2026-05-10 02:40:27,427  core.coordinate_exporter        INFO        Line 2: ﷽  BASMALA — Sura #2 (البقرة)
2026-05-10 02:40:27,427  core.coordinate_exporter        INFO        Line 3: TEXT — 3 segment(s), 3 separator(s)
2026-05-10 02:40:27,427  core.coordinate_exporter        INFO          ✦ Aya 1 of البقرة (Sura #2) — bbox: (2547, 989, 895, 305)
2026-05-10 02:40:27,428  core.coordinate_exporter        INFO          ✦ Aya 2 of البقرة (Sura #2) — bbox: (1545, 989, 1002, 305)
2026-05-10 02:40:27,428  core.coordinate_exporter        INFO          ✦ Aya 3 of البقرة (Sura #2) — bbox: (272, 989, 1273, 305)
2026-05-10 02:40:27,428  core.coordinate_exporter        INFO        Line 4: TEXT — 3 segment(s), 3 separator(s)
2026-05-10 02:40:27,428  core.coordinate_exporter        INFO          ✦ Aya 4 of البقرة (Sura #2) — bbox: (2536, 1350, 906, 277)
2026-05-10 02:40:27,429  core.coordinate_exporter        INFO          ✦ Aya 5 of البقرة (Sura #2) — bbox: (1523, 1350, 1013, 277)
2026-05-10 02:40:27,429  core.coordinate_exporter        INFO          ✦ Aya 6 of البقرة (Sura #2) — bbox: (272, 1350, 1251, 277)
2026-05-10 02:40:27,429  core.coordinate_exporter        INFO        Line 5: TEXT — 3 segment(s), 3 separator(s)
2026-05-10 02:40:27,429  core.coordinate_exporter        INFO          ✦ Aya 7 of البقرة (Sura #2) — bbox: (2534, 1683, 908, 296)
2026-05-10 02:40:27,430  core.coordinate_exporter        INFO          ✦ Aya 8 of البقرة (Sura #2) — bbox: (1530, 1683, 1004, 296)
2026-05-10 02:40:27,430  core.coordinate_exporter        INFO          ✦ Aya 9 of البقرة (Sura #2) — bbox: (272, 1683, 1258, 296)
2026-05-10 02:40:27,430  core.coordinate_exporter        INFO        Line 6: TEXT — 3 segment(s), 2 separator(s)
2026-05-10 02:40:27,430  core.coordinate_exporter        INFO          ✦ Aya 10 of البقرة (Sura #2) — bbox: (2148, 2070, 1295, 247)
2026-05-10 02:40:27,430  core.coordinate_exporter        INFO          ✦ Aya 11 of البقرة (Sura #2) — bbox: (693, 2070, 1455, 247)
2026-05-10 02:40:27,431  core.coordinate_exporter        INFO          … Aya 12 of البقرة (Sura #2) [continued] — bbox: (279, 2070, 414, 247)
2026-05-10 02:40:27,431  core.coordinate_exporter        INFO        Line 7: TEXT — 3 segment(s), 2 separator(s)
2026-05-10 02:40:27,431  core.coordinate_exporter        INFO          ✦ Aya 12 of البقرة (Sura #2) — bbox: (2230, 2395, 1213, 272)
2026-05-10 02:40:27,432  core.coordinate_exporter        INFO          ✦ Aya 13 of البقرة (Sura #2) — bbox: (831, 2395, 1399, 272)
2026-05-10 02:40:27,432  core.coordinate_exporter        INFO          … Aya 14 of البقرة (Sura #2) [continued] — bbox: (279, 2395, 552, 272)
2026-05-10 02:40:27,432  core.coordinate_exporter        INFO        Line 8: TEXT — 3 segment(s), 2 separator(s)
2026-05-10 02:40:27,432  core.coordinate_exporter        INFO          ✦ Aya 14 of البقرة (Sura #2) — bbox: (2142, 2742, 1301, 289)
2026-05-10 02:40:27,433  core.coordinate_exporter        INFO          ✦ Aya 15 of البقرة (Sura #2) — bbox: (733, 2742, 1409, 289)
2026-05-10 02:40:27,433  core.coordinate_exporter        INFO          … Aya 16 of البقرة (Sura #2) [continued] — bbox: (279, 2742, 454, 289)
2026-05-10 02:40:27,433  core.coordinate_exporter        INFO        Line 9: TEXT — 3 segment(s), 2 separator(s)
2026-05-10 02:40:27,434  core.coordinate_exporter        INFO          ✦ Aya 16 of البقرة (Sura #2) — bbox: (2943, 3091, 499, 320)
2026-05-10 02:40:27,434  core.coordinate_exporter        INFO          ✦ Aya 17 of البقرة (Sura #2) — bbox: (1344, 3091, 1599, 320)
2026-05-10 02:40:27,434  core.coordinate_exporter        INFO          … Aya 18 of البقرة (Sura #2) [continued] — bbox: (279, 3091, 1065, 320)
2026-05-10 02:40:27,434  core.coordinate_exporter        INFO        Line 10: TEXT — 3 segment(s), 2 separator(s)
2026-05-10 02:40:27,435  core.coordinate_exporter        INFO          ✦ Aya 18 of البقرة (Sura #2) — bbox: (2579, 3450, 864, 266)
2026-05-10 02:40:27,435  core.coordinate_exporter        INFO          ✦ Aya 19 of البقرة (Sura #2) — bbox: (818, 3450, 1761, 266)
2026-05-10 02:40:27,435  core.coordinate_exporter        INFO          … Aya 20 of البقرة (Sura #2) [continued] — bbox: (279, 3450, 539, 266)
2026-05-10 02:40:27,436  core.coordinate_exporter        INFO        Line 11: TEXT — 3 segment(s), 2 separator(s)
2026-05-10 02:40:27,436  core.coordinate_exporter        INFO          ✦ Aya 20 of البقرة (Sura #2) — bbox: (2180, 3797, 1263, 270)
2026-05-10 02:40:27,436  core.coordinate_exporter        INFO          ✦ Aya 21 of البقرة (Sura #2) — bbox: (772, 3797, 1408, 270)
2026-05-10 02:40:27,437  core.coordinate_exporter        INFO          … Aya 22 of البقرة (Sura #2) [continued] — bbox: (280, 3797, 492, 270)
2026-05-10 02:40:27,437  core.coordinate_exporter        INFO        Line 12: TEXT — 3 segment(s), 2 separator(s)
2026-05-10 02:40:27,437  core.coordinate_exporter        INFO          ✦ Aya 22 of البقرة (Sura #2) — bbox: (2945, 4159, 498, 262)
2026-05-10 02:40:27,438  core.coordinate_exporter        INFO          ✦ Aya 23 of البقرة (Sura #2) — bbox: (1636, 4159, 1309, 262)
2026-05-10 02:40:27,438  core.coordinate_exporter        INFO          … Aya 24 of البقرة (Sura #2) [continued] — bbox: (280, 4159, 1356, 262)
2026-05-10 02:40:27,438  core.coordinate_exporter        INFO        Line 13: TEXT — 4 segment(s), 3 separator(s)
2026-05-10 02:40:27,439  core.coordinate_exporter        INFO          ✦ Aya 24 of البقرة (Sura #2) — bbox: (2995, 4491, 449, 284)
2026-05-10 02:40:27,439  core.coordinate_exporter        INFO          ✦ Aya 25 of البقرة (Sura #2) — bbox: (1751, 4491, 1244, 284)
2026-05-10 02:40:27,439  core.coordinate_exporter        INFO          ✦ Aya 26 of البقرة (Sura #2) — bbox: (847, 4491, 904, 284)
2026-05-10 02:40:27,440  core.coordinate_exporter        INFO          … Aya 27 of البقرة (Sura #2) [continued] — bbox: (280, 4491, 567, 284)
2026-05-10 02:40:27,440  core.coordinate_exporter        INFO        Line 14: TEXT — 3 segment(s), 2 separator(s)
2026-05-10 02:40:27,440  core.coordinate_exporter        INFO          ✦ Aya 27 of البقرة (Sura #2) — bbox: (2289, 4823, 1155, 288)
2026-05-10 02:40:27,441  core.coordinate_exporter        INFO          ✦ Aya 28 of البقرة (Sura #2) — bbox: (801, 4823, 1488, 288)
2026-05-10 02:40:27,441  core.coordinate_exporter        INFO          … Aya 29 of البقرة (Sura #2) [continued] — bbox: (281, 4823, 520, 288)
2026-05-10 02:40:27,442  core.coordinate_exporter        INFO        Line 15: TEXT — 2 segment(s), 2 separator(s)
2026-05-10 02:40:27,442  core.coordinate_exporter        INFO          ✦ Aya 29 of البقرة (Sura #2) — bbox: (2395, 5164, 1049, 297)
2026-05-10 02:40:27,442  core.coordinate_exporter        INFO          ✦ Aya 30 of البقرة (Sura #2) — bbox: (272, 5164, 2123, 297)
2026-05-10 02:40:27,536  core.page_processor             INFO          Saved results\583-l01-sura002-header.png
2026-05-10 02:40:27,613  core.page_processor             INFO          Saved results\583-l02-sura002-basmala.png
2026-05-10 02:40:27,636  core.page_processor             INFO          Saved results\583-l03-s01-sura002-aya001.png
2026-05-10 02:40:27,672  core.page_processor             INFO          Saved results\583-l03-s02-sura002-aya002.png
2026-05-10 02:40:27,704  core.page_processor             INFO          Saved results\583-l03-s03-sura002-aya003.png
2026-05-10 02:40:27,728  core.page_processor             INFO          Saved results\583-l04-s01-sura002-aya004.png
2026-05-10 02:40:27,752  core.page_processor             INFO          Saved results\583-l04-s02-sura002-aya005.png
2026-05-10 02:40:27,784  core.page_processor             INFO          Saved results\583-l04-s03-sura002-aya006.png
2026-05-10 02:40:27,809  core.page_processor             INFO          Saved results\583-l05-s01-sura002-aya007.png
2026-05-10 02:40:27,838  core.page_processor             INFO          Saved results\583-l05-s02-sura002-aya008.png
2026-05-10 02:40:27,870  core.page_processor             INFO          Saved results\583-l05-s03-sura002-aya009.png
2026-05-10 02:40:27,900  core.page_processor             INFO          Saved results\583-l06-s01-sura002-aya010.png
2026-05-10 02:40:27,936  core.page_processor             INFO          Saved results\583-l06-s02-sura002-aya011.png
2026-05-10 02:40:27,953  core.page_processor             INFO          Saved results\583-l06-s03-sura002-aya012.png
2026-05-10 02:40:27,986  core.page_processor             INFO          Saved results\583-l07-s01-sura002-aya012.png
2026-05-10 02:40:28,025  core.page_processor             INFO          Saved results\583-l07-s02-sura002-aya013.png
2026-05-10 02:40:28,038  core.page_processor             INFO          Saved results\583-l07-s03-sura002-aya014.png
2026-05-10 02:40:28,085  core.page_processor             INFO          Saved results\583-l08-s01-sura002-aya014.png
2026-05-10 02:40:28,159  core.page_processor             INFO          Saved results\583-l08-s02-sura002-aya015.png
2026-05-10 02:40:28,178  core.page_processor             INFO          Saved results\583-l08-s03-sura002-aya016.png
2026-05-10 02:40:28,198  core.page_processor             INFO          Saved results\583-l09-s01-sura002-aya016.png
2026-05-10 02:40:28,251  core.page_processor             INFO          Saved results\583-l09-s02-sura002-aya017.png
2026-05-10 02:40:28,291  core.page_processor             INFO          Saved results\583-l09-s03-sura002-aya018.png
2026-05-10 02:40:28,317  core.page_processor             INFO          Saved results\583-l10-s01-sura002-aya018.png
2026-05-10 02:40:28,356  core.page_processor             INFO          Saved results\583-l10-s02-sura002-aya019.png
2026-05-10 02:40:28,370  core.page_processor             INFO          Saved results\583-l10-s03-sura002-aya020.png
2026-05-10 02:40:28,403  core.page_processor             INFO          Saved results\583-l11-s01-sura002-aya020.png
2026-05-10 02:40:28,441  core.page_processor             INFO          Saved results\583-l11-s02-sura002-aya021.png
2026-05-10 02:40:28,455  core.page_processor             INFO          Saved results\583-l11-s03-sura002-aya022.png
2026-05-10 02:40:28,479  core.page_processor             INFO          Saved results\583-l12-s01-sura002-aya022.png
2026-05-10 02:40:28,526  core.page_processor             INFO          Saved results\583-l12-s02-sura002-aya023.png
2026-05-10 02:40:28,573  core.page_processor             INFO          Saved results\583-l12-s03-sura002-aya024.png
2026-05-10 02:40:28,593  core.page_processor             INFO          Saved results\583-l13-s01-sura002-aya024.png
2026-05-10 02:40:28,668  core.page_processor             INFO          Saved results\583-l13-s02-sura002-aya025.png
2026-05-10 02:40:28,723  core.page_processor             INFO          Saved results\583-l13-s03-sura002-aya026.png
2026-05-10 02:40:28,755  core.page_processor             INFO          Saved results\583-l13-s04-sura002-aya027.png
2026-05-10 02:40:28,801  core.page_processor             INFO          Saved results\583-l14-s01-sura002-aya027.png
2026-05-10 02:40:28,862  core.page_processor             INFO          Saved results\583-l14-s02-sura002-aya028.png
2026-05-10 02:40:28,887  core.page_processor             INFO          Saved results\583-l14-s03-sura002-aya029.png
2026-05-10 02:40:28,934  core.page_processor             INFO          Saved results\583-l15-s01-sura002-aya029.png
2026-05-10 02:40:29,000  core.page_processor             INFO          Saved results\583-l15-s02-sura002-aya030.png
2026-05-10 02:40:29,000  core.page_processor             INFO        Exported 41 image(s) for 583.png
2026-05-10 02:40:29,001  core.page_processor             INFO        Finished 583.png: detected=15 lines
2026-05-10 02:40:29,001  core.pipeline                   INFO      Processing 584.png
2026-05-10 02:40:29,151  core.page_processor             INFO      
2026-05-10 02:40:29,152  core.page_processor             INFO      ━━━━━━━━━━━━━━━━━━━━━━━━━━━━━━━━━━━━━━━━━━━━━━━━━━
2026-05-10 02:40:29,152  core.page_processor             INFO      📄 PAGE 2 — 584.png
2026-05-10 02:40:29,152  core.page_processor             INFO      ━━━━━━━━━━━━━━━━━━━━━━━━━━━━━━━━━━━━━━━━━━━━━━━━━━
2026-05-10 02:40:29,174  core.line_detector              INFO        Detected 15 lines
2026-05-10 02:40:29,212  core.classifier                 INFO        line 1: score=0.2114
2026-05-10 02:40:29,250  core.classifier                 INFO        line 2: score=0.3000
2026-05-10 02:40:29,285  core.classifier                 INFO        line 3: score=0.2718
2026-05-10 02:40:29,323  core.classifier                 INFO        line 4: score=0.2319
2026-05-10 02:40:29,353  core.classifier                 INFO        line 5: score=0.2495
2026-05-10 02:40:29,391  core.classifier                 INFO        line 6: score=0.2175
2026-05-10 02:40:29,487  core.classifier                 INFO        line 7: score=0.2809
2026-05-10 02:40:29,519  core.classifier                 INFO        line 8: score=0.9843 → SURA
2026-05-10 02:40:29,550  core.classifier                 INFO        line 9: score=0.2366
2026-05-10 02:40:29,586  core.classifier                 INFO        line 10: score=0.1975
2026-05-10 02:40:29,617  core.classifier                 INFO        line 11: score=0.2303
2026-05-10 02:40:29,647  core.classifier                 INFO        line 12: score=0.2550
2026-05-10 02:40:29,679  core.classifier                 INFO        line 13: score=0.2455
2026-05-10 02:40:29,708  core.classifier                 INFO        line 14: score=0.2309
2026-05-10 02:40:29,745  core.classifier                 INFO        line 15: score=0.2474
2026-05-10 02:40:30,516  core.aya_separator              INFO        Line 1: 4 segment(s), 3 separator(s)
2026-05-10 02:40:31,131  core.aya_separator              INFO        Line 2: 3 segment(s), 2 separator(s)
2026-05-10 02:40:31,886  core.aya_separator              INFO        Line 3: 2 segment(s), 1 separator(s)
2026-05-10 02:40:32,681  core.aya_separator              INFO        Line 4: 2 segment(s), 1 separator(s)
2026-05-10 02:40:33,347  core.aya_separator              INFO        Line 5: 2 segment(s), 1 separator(s)
2026-05-10 02:40:34,146  core.aya_separator              INFO        Line 6: 2 segment(s), 1 separator(s)
2026-05-10 02:40:34,734  core.aya_separator              INFO        Line 7: 1 segment(s), 1 separator(s)
2026-05-10 02:40:35,828  core.aya_separator              INFO        Line 10: 3 segment(s), 3 separator(s)
2026-05-10 02:40:36,500  core.aya_separator              INFO        Line 11: 3 segment(s), 3 separator(s)
2026-05-10 02:40:37,196  core.aya_separator              INFO        Line 12: 3 segment(s), 3 separator(s)
2026-05-10 02:40:38,022  core.aya_separator              INFO        Line 13: 3 segment(s), 2 separator(s)
2026-05-10 02:40:38,661  core.aya_separator              INFO        Line 14: 3 segment(s), 3 separator(s)
2026-05-10 02:40:39,451  core.aya_separator              INFO        Line 15: 2 segment(s), 2 separator(s)
2026-05-10 02:40:39,451  core.coordinate_exporter        INFO        Line 1: TEXT — 4 segment(s), 3 separator(s)
2026-05-10 02:40:39,451  core.coordinate_exporter        INFO          ✦ Aya 31 of البقرة (Sura #2) — bbox: (2330, 313, 1105, 286)
2026-05-10 02:40:39,452  core.coordinate_exporter        INFO          ✦ Aya 32 of البقرة (Sura #2) — bbox: (1418, 313, 912, 286)
2026-05-10 02:40:39,452  core.coordinate_exporter        INFO          ✦ Aya 33 of البقرة (Sura #2) — bbox: (567, 313, 851, 286)
2026-05-10 02:40:39,452  core.coordinate_exporter        INFO          … Aya 34 of البقرة (Sura #2) [continued] — bbox: (247, 313, 320, 286)
2026-05-10 02:40:39,452  core.coordinate_exporter        INFO        Line 2: TEXT — 3 segment(s), 2 separator(s)
2026-05-10 02:40:39,452  core.coordinate_exporter        INFO          ✦ Aya 34 of البقرة (Sura #2) — bbox: (2940, 660, 494, 276)
2026-05-10 02:40:39,453  core.coordinate_exporter        INFO          ✦ Aya 35 of البقرة (Sura #2) — bbox: (1283, 660, 1657, 276)
2026-05-10 02:40:39,453  core.coordinate_exporter        INFO          … Aya 36 of البقرة (Sura #2) [continued] — bbox: (247, 660, 1036, 276)
2026-05-10 02:40:39,453  core.coordinate_exporter        INFO        Line 3: TEXT — 2 segment(s), 1 separator(s)
2026-05-10 02:40:39,453  core.coordinate_exporter        INFO          ✦ Aya 36 of البقرة (Sura #2) — bbox: (2882, 995, 553, 289)
2026-05-10 02:40:39,453  core.coordinate_exporter        INFO          … Aya 37 of البقرة (Sura #2) [continued] — bbox: (247, 995, 2635, 289)
2026-05-10 02:40:39,454  core.coordinate_exporter        INFO        Line 4: TEXT — 2 segment(s), 1 separator(s)
2026-05-10 02:40:39,454  core.coordinate_exporter        INFO          ✦ Aya 37 of البقرة (Sura #2) — bbox: (2635, 1353, 801, 292)
2026-05-10 02:40:39,454  core.coordinate_exporter        INFO          … Aya 38 of البقرة (Sura #2) [continued] — bbox: (247, 1353, 2388, 292)
2026-05-10 02:40:39,454  core.coordinate_exporter        INFO        Line 5: TEXT — 2 segment(s), 1 separator(s)
2026-05-10 02:40:39,454  core.coordinate_exporter        INFO          ✦ Aya 38 of البقرة (Sura #2) — bbox: (1456, 1701, 1979, 277)
2026-05-10 02:40:39,455  core.coordinate_exporter        INFO          … Aya 39 of البقرة (Sura #2) [continued] — bbox: (247, 1701, 1209, 277)
2026-05-10 02:40:39,455  core.coordinate_exporter        INFO        Line 6: TEXT — 2 segment(s), 1 separator(s)
2026-05-10 02:40:39,455  core.coordinate_exporter        INFO          ✦ Aya 39 of البقرة (Sura #2) — bbox: (1954, 2051, 1481, 293)
2026-05-10 02:40:39,455  core.coordinate_exporter        INFO          … Aya 40 of البقرة (Sura #2) [continued] — bbox: (247, 2051, 1707, 293)
2026-05-10 02:40:39,455  core.coordinate_exporter        INFO        Line 7: TEXT — 1 segment(s), 1 separator(s)
2026-05-10 02:40:39,456  core.coordinate_exporter        INFO          ✦ Aya 40 of البقرة (Sura #2) — bbox: (241, 2412, 3194, 268)
2026-05-10 02:40:39,456  core.coordinate_exporter        INFO        Line 8: 📖 SURA HEADER — Starting Sura #3: آل عمران (Aal-E-Imran)
2026-05-10 02:40:39,456  core.coordinate_exporter        INFO          Total ayas in this sura: 200
2026-05-10 02:40:39,456  core.coordinate_exporter        INFO        Line 9: ﷽  BASMALA — Sura #3 (آل عمران)
2026-05-10 02:40:39,457  core.coordinate_exporter        INFO        Line 10: TEXT — 3 segment(s), 3 separator(s)
2026-05-10 02:40:39,457  core.coordinate_exporter        INFO          ✦ Aya 1 of آل عمران (Sura #3) — bbox: (2484, 3455, 951, 277)
2026-05-10 02:40:39,457  core.coordinate_exporter        INFO          ✦ Aya 2 of آل عمران (Sura #3) — bbox: (1415, 3455, 1069, 277)
2026-05-10 02:40:39,458  core.coordinate_exporter        INFO          ✦ Aya 3 of آل عمران (Sura #3) — bbox: (242, 3455, 1173, 277)
2026-05-10 02:40:39,458  core.coordinate_exporter        INFO        Line 11: TEXT — 3 segment(s), 3 separator(s)
2026-05-10 02:40:39,458  core.coordinate_exporter        INFO          ✦ Aya 4 of آل عمران (Sura #3) — bbox: (2414, 3800, 1021, 280)
2026-05-10 02:40:39,458  core.coordinate_exporter        INFO          ✦ Aya 5 of آل عمران (Sura #3) — bbox: (1479, 3800, 935, 280)
2026-05-10 02:40:39,459  core.coordinate_exporter        INFO          ✦ Aya 6 of آل عمران (Sura #3) — bbox: (241, 3800, 1238, 280)
2026-05-10 02:40:39,459  core.coordinate_exporter        INFO        Line 12: TEXT — 3 segment(s), 3 separator(s)
2026-05-10 02:40:39,459  core.coordinate_exporter        INFO          ✦ Aya 7 of آل عمران (Sura #3) — bbox: (2522, 4145, 913, 284)
2026-05-10 02:40:39,459  core.coordinate_exporter        INFO          ✦ Aya 8 of آل عمران (Sura #3) — bbox: (1308, 4145, 1214, 284)
2026-05-10 02:40:39,460  core.coordinate_exporter        INFO          ✦ Aya 9 of آل عمران (Sura #3) — bbox: (241, 4145, 1067, 284)
2026-05-10 02:40:39,460  core.coordinate_exporter        INFO        Line 13: TEXT — 3 segment(s), 2 separator(s)
2026-05-10 02:40:39,460  core.coordinate_exporter        INFO          ✦ Aya 10 of آل عمران (Sura #3) — bbox: (1641, 4462, 1794, 300)
2026-05-10 02:40:39,461  core.coordinate_exporter        INFO          ✦ Aya 11 of آل عمران (Sura #3) — bbox: (547, 4462, 1094, 300)
2026-05-10 02:40:39,461  core.coordinate_exporter        INFO          … Aya 12 of آل عمران (Sura #3) [continued] — bbox: (248, 4462, 299, 300)
2026-05-10 02:40:39,461  core.coordinate_exporter        INFO        Line 14: TEXT — 3 segment(s), 3 separator(s)
2026-05-10 02:40:39,461  core.coordinate_exporter        INFO          ✦ Aya 12 of آل عمران (Sura #3) — bbox: (2410, 4849, 1026, 277)
2026-05-10 02:40:39,462  core.coordinate_exporter        INFO          ✦ Aya 13 of آل عمران (Sura #3) — bbox: (1252, 4849, 1158, 277)
2026-05-10 02:40:39,462  core.coordinate_exporter        INFO          ✦ Aya 14 of آل عمران (Sura #3) — bbox: (241, 4849, 1011, 277)
2026-05-10 02:40:39,462  core.coordinate_exporter        INFO        Line 15: TEXT — 2 segment(s), 2 separator(s)
2026-05-10 02:40:39,463  core.coordinate_exporter        INFO          ✦ Aya 15 of آل عمران (Sura #3) — bbox: (2014, 5202, 1422, 265)
2026-05-10 02:40:39,463  core.coordinate_exporter        INFO          ✦ Aya 16 of آل عمران (Sura #3) — bbox: (241, 5202, 1773, 265)
2026-05-10 02:40:39,495  core.page_processor             INFO          Saved results\584-l01-s01-sura002-aya031.png
2026-05-10 02:40:39,517  core.page_processor             INFO          Saved results\584-l01-s02-sura002-aya032.png
2026-05-10 02:40:39,538  core.page_processor             INFO          Saved results\584-l01-s03-sura002-aya033.png
2026-05-10 02:40:39,547  core.page_processor             INFO          Saved results\584-l01-s04-sura002-aya034.png
2026-05-10 02:40:39,559  core.page_processor             INFO          Saved results\584-l02-s01-sura002-aya034.png
2026-05-10 02:40:39,598  core.page_processor             INFO          Saved results\584-l02-s02-sura002-aya035.png
2026-05-10 02:40:39,621  core.page_processor             INFO          Saved results\584-l02-s03-sura002-aya036.png
2026-05-10 02:40:39,634  core.page_processor             INFO          Saved results\584-l03-s01-sura002-aya036.png
2026-05-10 02:40:39,698  core.page_processor             INFO          Saved results\584-l03-s02-sura002-aya037.png
2026-05-10 02:40:39,721  core.page_processor             INFO          Saved results\584-l04-s01-sura002-aya037.png
2026-05-10 02:40:39,784  core.page_processor             INFO          Saved results\584-l04-s02-sura002-aya038.png
2026-05-10 02:40:39,833  core.page_processor             INFO          Saved results\584-l05-s01-sura002-aya038.png
2026-05-10 02:40:39,875  core.page_processor             INFO          Saved results\584-l05-s02-sura002-aya039.png
2026-05-10 02:40:39,942  core.page_processor             INFO          Saved results\584-l06-s01-sura002-aya039.png
2026-05-10 02:40:40,003  core.page_processor             INFO          Saved results\584-l06-s02-sura002-aya040.png
2026-05-10 02:40:40,089  core.page_processor             INFO          Saved results\584-l07-sura002-aya040.png
2026-05-10 02:40:40,164  core.page_processor             INFO          Saved results\584-l08-sura003-header.png
2026-05-10 02:40:40,286  core.page_processor             INFO          Saved results\584-l09-sura003-basmala.png
2026-05-10 02:40:40,326  core.page_processor             INFO          Saved results\584-l10-s01-sura003-aya001.png
2026-05-10 02:40:40,370  core.page_processor             INFO          Saved results\584-l10-s02-sura003-aya002.png
2026-05-10 02:40:40,411  core.page_processor             INFO          Saved results\584-l10-s03-sura003-aya003.png
2026-05-10 02:40:40,462  core.page_processor             INFO          Saved results\584-l11-s01-sura003-aya004.png
2026-05-10 02:40:40,494  core.page_processor             INFO          Saved results\584-l11-s02-sura003-aya005.png
2026-05-10 02:40:40,552  core.page_processor             INFO          Saved results\584-l11-s03-sura003-aya006.png
2026-05-10 02:40:40,607  core.page_processor             INFO          Saved results\584-l12-s01-sura003-aya007.png
2026-05-10 02:40:40,700  core.page_processor             INFO          Saved results\584-l12-s02-sura003-aya008.png
2026-05-10 02:40:40,792  core.page_processor             INFO          Saved results\584-l12-s03-sura003-aya009.png
2026-05-10 02:40:40,875  core.page_processor             INFO          Saved results\584-l13-s01-sura003-aya010.png
2026-05-10 02:40:40,921  core.page_processor             INFO          Saved results\584-l13-s02-sura003-aya011.png
2026-05-10 02:40:40,930  core.page_processor             INFO          Saved results\584-l13-s03-sura003-aya012.png
2026-05-10 02:40:40,958  core.page_processor             INFO          Saved results\584-l14-s01-sura003-aya012.png
2026-05-10 02:40:40,990  core.page_processor             INFO          Saved results\584-l14-s02-sura003-aya013.png
2026-05-10 02:40:41,022  core.page_processor             INFO          Saved results\584-l14-s03-sura003-aya014.png
2026-05-10 02:40:41,058  core.page_processor             INFO          Saved results\584-l15-s01-sura003-aya015.png
2026-05-10 02:40:41,101  core.page_processor             INFO          Saved results\584-l15-s02-sura003-aya016.png
2026-05-10 02:40:41,101  core.page_processor             INFO        Exported 35 image(s) for 584.png
2026-05-10 02:40:41,101  core.page_processor             INFO        Finished 584.png: detected=15 lines
2026-05-10 02:40:41,102  core.pipeline                   INFO      Processing 585.png
2026-05-10 02:40:41,236  core.page_processor             INFO      
2026-05-10 02:40:41,237  core.page_processor             INFO      ━━━━━━━━━━━━━━━━━━━━━━━━━━━━━━━━━━━━━━━━━━━━━━━━━━
2026-05-10 02:40:41,237  core.page_processor             INFO      📄 PAGE 3 — 585.png
2026-05-10 02:40:41,238  core.page_processor             INFO      ━━━━━━━━━━━━━━━━━━━━━━━━━━━━━━━━━━━━━━━━━━━━━━━━━━
2026-05-10 02:40:41,254  core.line_detector              INFO        Detected 15 lines
2026-05-10 02:40:41,285  core.classifier                 INFO        line 1: score=0.2604
2026-05-10 02:40:41,322  core.classifier                 INFO        line 2: score=0.2116
2026-05-10 02:40:41,349  core.classifier                 INFO        line 3: score=0.2417
2026-05-10 02:40:41,380  core.classifier                 INFO        line 4: score=0.1946
2026-05-10 02:40:41,434  core.classifier                 INFO        line 5: score=0.2298
2026-05-10 02:40:41,497  core.classifier                 INFO        line 6: score=0.2630
2026-05-10 02:40:41,537  core.classifier                 INFO        line 7: score=0.1910
2026-05-10 02:40:41,580  core.classifier                 INFO        line 8: score=0.2272
2026-05-10 02:40:41,621  core.classifier                 INFO        line 9: score=0.2288
2026-05-10 02:40:41,660  core.classifier                 INFO        line 10: score=0.2297
2026-05-10 02:40:41,696  core.classifier                 INFO        line 11: score=0.2004
2026-05-10 02:40:41,734  core.classifier                 INFO        line 12: score=0.2750
2026-05-10 02:40:41,765  core.classifier                 INFO        line 13: score=0.2184
2026-05-10 02:40:41,805  core.classifier                 INFO        line 14: score=0.2083
2026-05-10 02:40:41,856  core.classifier                 INFO        line 15: score=0.2689
2026-05-10 02:40:42,557  core.aya_separator              INFO        Line 1: 2 segment(s), 2 separator(s)
2026-05-10 02:40:43,374  core.aya_separator              INFO        Line 2: 2 segment(s), 2 separator(s)
2026-05-10 02:40:43,930  core.aya_separator              INFO        Line 3: 3 segment(s), 3 separator(s)
2026-05-10 02:40:44,811  core.aya_separator              INFO        Line 4: 2 segment(s), 2 separator(s)
2026-05-10 02:40:45,458  core.aya_separator              INFO        Line 5: 2 segment(s), 1 separator(s)
2026-05-10 02:40:46,282  core.aya_separator              INFO        Line 6: 3 segment(s), 2 separator(s)
2026-05-10 02:40:46,920  core.aya_separator              INFO        Line 7: 3 segment(s), 2 separator(s)
2026-05-10 02:40:47,783  core.aya_separator              INFO        Line 8: 3 segment(s), 3 separator(s)
2026-05-10 02:40:48,659  core.aya_separator              INFO        Line 9: 2 segment(s), 2 separator(s)
2026-05-10 02:40:49,210  core.aya_separator              INFO        Line 10: 3 segment(s), 2 separator(s)
2026-05-10 02:40:50,041  core.aya_separator              INFO        Line 11: 3 segment(s), 2 separator(s)
2026-05-10 02:40:50,706  core.aya_separator              INFO        Line 12: 2 segment(s), 2 separator(s)
2026-05-10 02:40:51,407  core.aya_separator              INFO        Line 13: 2 segment(s), 1 separator(s)
2026-05-10 02:40:52,039  core.aya_separator              INFO        Line 14: 3 segment(s), 3 separator(s)
2026-05-10 02:40:52,792  core.aya_separator              INFO        Line 15: 1 segment(s), 1 separator(s)
2026-05-10 02:40:52,792  core.coordinate_exporter        INFO        Line 1: TEXT — 2 segment(s), 2 separator(s)
2026-05-10 02:40:52,792  core.coordinate_exporter        INFO          ✦ Aya 17 of آل عمران (Sura #3) — bbox: (1784, 287, 1664, 285)
2026-05-10 02:40:52,792  core.coordinate_exporter        INFO          ✦ Aya 18 of آل عمران (Sura #3) — bbox: (269, 287, 1515, 285)
2026-05-10 02:40:52,793  core.coordinate_exporter        INFO        Line 2: TEXT — 2 segment(s), 2 separator(s)
2026-05-10 02:40:52,793  core.coordinate_exporter        INFO          ✦ Aya 19 of آل عمران (Sura #3) — bbox: (1666, 627, 1782, 297)
2026-05-10 02:40:52,793  core.coordinate_exporter        INFO          ✦ Aya 20 of آل عمران (Sura #3) — bbox: (268, 627, 1398, 297)
2026-05-10 02:40:52,794  core.coordinate_exporter        INFO        Line 3: TEXT — 3 segment(s), 3 separator(s)
2026-05-10 02:40:52,794  core.coordinate_exporter        INFO          ✦ Aya 21 of آل عمران (Sura #3) — bbox: (2219, 1019, 1229, 256)
2026-05-10 02:40:52,794  core.coordinate_exporter        INFO          ✦ Aya 22 of آل عمران (Sura #3) — bbox: (1204, 1019, 1015, 256)
2026-05-10 02:40:52,794  core.coordinate_exporter        INFO          ✦ Aya 23 of آل عمران (Sura #3) — bbox: (268, 1019, 936, 256)
2026-05-10 02:40:52,794  core.coordinate_exporter        INFO        Line 4: TEXT — 2 segment(s), 2 separator(s)
2026-05-10 02:40:52,795  core.coordinate_exporter        INFO          ✦ Aya 24 of آل عمران (Sura #3) — bbox: (2217, 1317, 1232, 296)
2026-05-10 02:40:52,795  core.coordinate_exporter        INFO          ✦ Aya 25 of آل عمران (Sura #3) — bbox: (273, 1317, 1944, 296)
2026-05-10 02:40:52,795  core.coordinate_exporter        INFO        Line 5: TEXT — 2 segment(s), 1 separator(s)
2026-05-10 02:40:52,795  core.coordinate_exporter        INFO          ✦ Aya 26 of آل عمران (Sura #3) — bbox: (1653, 1691, 1795, 283)
2026-05-10 02:40:52,796  core.coordinate_exporter        INFO          … Aya 27 of آل عمران (Sura #3) [continued] — bbox: (273, 1691, 1380, 283)
2026-05-10 02:40:52,796  core.coordinate_exporter        INFO        Line 6: TEXT — 3 segment(s), 2 separator(s)
2026-05-10 02:40:52,796  core.coordinate_exporter        INFO          ✦ Aya 27 of آل عمران (Sura #3) — bbox: (2923, 2040, 526, 281)
2026-05-10 02:40:52,796  core.coordinate_exporter        INFO          ✦ Aya 28 of آل عمران (Sura #3) — bbox: (1514, 2040, 1409, 281)
2026-05-10 02:40:52,797  core.coordinate_exporter        INFO          … Aya 29 of آل عمران (Sura #3) [continued] — bbox: (272, 2040, 1242, 281)
2026-05-10 02:40:52,797  core.coordinate_exporter        INFO        Line 7: TEXT — 3 segment(s), 2 separator(s)
2026-05-10 02:40:52,797  core.coordinate_exporter        INFO          ✦ Aya 29 of آل عمران (Sura #3) — bbox: (2797, 2399, 652, 263)
2026-05-10 02:40:52,797  core.coordinate_exporter        INFO          ✦ Aya 30 of آل عمران (Sura #3) — bbox: (1295, 2399, 1502, 263)
2026-05-10 02:40:52,797  core.coordinate_exporter        INFO          … Aya 31 of آل عمران (Sura #3) [continued] — bbox: (272, 2399, 1023, 263)
2026-05-10 02:40:52,798  core.coordinate_exporter        INFO        Line 8: TEXT — 3 segment(s), 3 separator(s)
2026-05-10 02:40:52,798  core.coordinate_exporter        INFO          ✦ Aya 31 of آل عمران (Sura #3) — bbox: (2802, 2728, 647, 291)
2026-05-10 02:40:52,798  core.coordinate_exporter        INFO          ✦ Aya 32 of آل عمران (Sura #3) — bbox: (1623, 2728, 1179, 291)
2026-05-10 02:40:52,798  core.coordinate_exporter        INFO          ✦ Aya 33 of آل عمران (Sura #3) — bbox: (271, 2728, 1352, 291)
2026-05-10 02:40:52,798  core.coordinate_exporter        INFO        Line 9: TEXT — 2 segment(s), 2 separator(s)
2026-05-10 02:40:52,799  core.coordinate_exporter        INFO          ✦ Aya 34 of آل عمران (Sura #3) — bbox: (1799, 3069, 1650, 303)
2026-05-10 02:40:52,799  core.coordinate_exporter        INFO          ✦ Aya 35 of آل عمران (Sura #3) — bbox: (274, 3069, 1525, 303)
2026-05-10 02:40:52,799  core.coordinate_exporter        INFO        Line 10: TEXT — 3 segment(s), 2 separator(s)
2026-05-10 02:40:52,799  core.coordinate_exporter        INFO          ✦ Aya 36 of آل عمران (Sura #3) — bbox: (1942, 3458, 1507, 257)
2026-05-10 02:40:52,799  core.coordinate_exporter        INFO          ✦ Aya 37 of آل عمران (Sura #3) — bbox: (1078, 3458, 864, 257)
2026-05-10 02:40:52,799  core.coordinate_exporter        INFO          … Aya 38 of آل عمران (Sura #3) [continued] — bbox: (273, 3458, 805, 257)
2026-05-10 02:40:52,799  core.coordinate_exporter        INFO        Line 11: TEXT — 3 segment(s), 2 separator(s)
2026-05-10 02:40:52,800  core.coordinate_exporter        INFO          ✦ Aya 38 of آل عمران (Sura #3) — bbox: (2901, 3785, 548, 285)
2026-05-10 02:40:52,800  core.coordinate_exporter        INFO          ✦ Aya 39 of آل عمران (Sura #3) — bbox: (1420, 3785, 1481, 285)
2026-05-10 02:40:52,800  core.coordinate_exporter        INFO          … Aya 40 of آل عمران (Sura #3) [continued] — bbox: (273, 3785, 1147, 285)
2026-05-10 02:40:52,800  core.coordinate_exporter        INFO        Line 12: TEXT — 2 segment(s), 2 separator(s)
2026-05-10 02:40:52,800  core.coordinate_exporter        INFO          ✦ Aya 40 of آل عمران (Sura #3) — bbox: (1618, 4134, 1831, 292)
2026-05-10 02:40:52,800  core.coordinate_exporter        INFO          ✦ Aya 41 of آل عمران (Sura #3) — bbox: (270, 4134, 1348, 292)
2026-05-10 02:40:52,801  core.coordinate_exporter        INFO        Line 13: TEXT — 2 segment(s), 1 separator(s)
2026-05-10 02:40:52,801  core.coordinate_exporter        INFO          ✦ Aya 42 of آل عمران (Sura #3) — bbox: (984, 4523, 2465, 234)
2026-05-10 02:40:52,801  core.coordinate_exporter        INFO          … Aya 43 of آل عمران (Sura #3) [continued] — bbox: (273, 4523, 711, 234)
2026-05-10 02:40:52,801  core.coordinate_exporter        INFO        Line 14: TEXT — 3 segment(s), 3 separator(s)
2026-05-10 02:40:52,801  core.coordinate_exporter        INFO          ✦ Aya 43 of آل عمران (Sura #3) — bbox: (2752, 4851, 697, 274)
2026-05-10 02:40:52,801  core.coordinate_exporter        INFO          ✦ Aya 44 of آل عمران (Sura #3) — bbox: (1716, 4851, 1036, 274)
2026-05-10 02:40:52,801  core.coordinate_exporter        INFO          ✦ Aya 45 of آل عمران (Sura #3) — bbox: (275, 4851, 1441, 274)
2026-05-10 02:40:52,802  core.coordinate_exporter        INFO        Line 15: TEXT — 1 segment(s), 1 separator(s)
2026-05-10 02:40:52,802  core.coordinate_exporter        INFO          ✦ Aya 46 of آل عمران (Sura #3) — bbox: (269, 5180, 3180, 283)
2026-05-10 02:40:52,840  core.page_processor             INFO          Saved results\585-l01-s01-sura003-aya017.png
2026-05-10 02:40:52,875  core.page_processor             INFO          Saved results\585-l01-s02-sura003-aya018.png
2026-05-10 02:40:52,917  core.page_processor             INFO          Saved results\585-l02-s01-sura003-aya019.png
2026-05-10 02:40:52,954  core.page_processor             INFO          Saved results\585-l02-s02-sura003-aya020.png
2026-05-10 02:40:52,981  core.page_processor             INFO          Saved results\585-l03-s01-sura003-aya021.png
2026-05-10 02:40:53,004  core.page_processor             INFO          Saved results\585-l03-s02-sura003-aya022.png
2026-05-10 02:40:53,028  core.page_processor             INFO          Saved results\585-l03-s03-sura003-aya023.png
2026-05-10 02:40:53,071  core.page_processor             INFO          Saved results\585-l04-s01-sura003-aya024.png
2026-05-10 02:40:53,126  core.page_processor             INFO          Saved results\585-l04-s02-sura003-aya025.png
2026-05-10 02:40:53,197  core.page_processor             INFO          Saved results\585-l05-s01-sura003-aya026.png
2026-05-10 02:40:53,256  core.page_processor             INFO          Saved results\585-l05-s02-sura003-aya027.png
2026-05-10 02:40:53,275  core.page_processor             INFO          Saved results\585-l06-s01-sura003-aya027.png
2026-05-10 02:40:53,316  core.page_processor             INFO          Saved results\585-l06-s02-sura003-aya028.png
2026-05-10 02:40:53,348  core.page_processor             INFO          Saved results\585-l06-s03-sura003-aya029.png
2026-05-10 02:40:53,366  core.page_processor             INFO          Saved results\585-l07-s01-sura003-aya029.png
2026-05-10 02:40:53,406  core.page_processor             INFO          Saved results\585-l07-s02-sura003-aya030.png
2026-05-10 02:40:53,431  core.page_processor             INFO          Saved results\585-l07-s03-sura003-aya031.png
2026-05-10 02:40:53,452  core.page_processor             INFO          Saved results\585-l08-s01-sura003-aya031.png
2026-05-10 02:40:53,503  core.page_processor             INFO          Saved results\585-l08-s02-sura003-aya032.png
2026-05-10 02:40:53,545  core.page_processor             INFO          Saved results\585-l08-s03-sura003-aya033.png
2026-05-10 02:40:53,620  core.page_processor             INFO          Saved results\585-l09-s01-sura003-aya034.png
2026-05-10 02:40:53,676  core.page_processor             INFO          Saved results\585-l09-s02-sura003-aya035.png
2026-05-10 02:40:53,738  core.page_processor             INFO          Saved results\585-l10-s01-sura003-aya036.png
2026-05-10 02:40:53,774  core.page_processor             INFO          Saved results\585-l10-s02-sura003-aya037.png
2026-05-10 02:40:53,806  core.page_processor             INFO          Saved results\585-l10-s03-sura003-aya038.png
2026-05-10 02:40:53,833  core.page_processor             INFO          Saved results\585-l11-s01-sura003-aya038.png
2026-05-10 02:40:53,927  core.page_processor             INFO          Saved results\585-l11-s02-sura003-aya039.png
2026-05-10 02:40:54,002  core.page_processor             INFO          Saved results\585-l11-s03-sura003-aya040.png
2026-05-10 02:40:54,088  core.page_processor             INFO          Saved results\585-l12-s01-sura003-aya040.png
2026-05-10 02:40:54,132  core.page_processor             INFO          Saved results\585-l12-s02-sura003-aya041.png
2026-05-10 02:40:54,182  core.page_processor             INFO          Saved results\585-l13-s01-sura003-aya042.png
2026-05-10 02:40:54,197  core.page_processor             INFO          Saved results\585-l13-s02-sura003-aya043.png
2026-05-10 02:40:54,216  core.page_processor             INFO          Saved results\585-l14-s01-sura003-aya043.png
2026-05-10 02:40:54,253  core.page_processor             INFO          Saved results\585-l14-s02-sura003-aya044.png
2026-05-10 02:40:54,295  core.page_processor             INFO          Saved results\585-l14-s03-sura003-aya045.png
2026-05-10 02:40:54,369  core.page_processor             INFO          Saved results\585-l15-sura003-aya046.png
2026-05-10 02:40:54,370  core.page_processor             INFO        Exported 36 image(s) for 585.png
2026-05-10 02:40:54,370  core.page_processor             INFO        Finished 585.png: detected=15 lines
2026-05-10 02:40:54,370  core.pipeline                   INFO      Processing 586.png
2026-05-10 02:40:54,543  core.page_processor             INFO      
2026-05-10 02:40:54,544  core.page_processor             INFO      ━━━━━━━━━━━━━━━━━━━━━━━━━━━━━━━━━━━━━━━━━━━━━━━━━━
2026-05-10 02:40:54,544  core.page_processor             INFO      📄 PAGE 4 — 586.png
2026-05-10 02:40:54,544  core.page_processor             INFO      ━━━━━━━━━━━━━━━━━━━━━━━━━━━━━━━━━━━━━━━━━━━━━━━━━━
2026-05-10 02:40:54,569  core.line_detector              INFO        Detected 15 lines
2026-05-10 02:40:54,671  core.page_processor             WARNING     Classification failed, skipping: OpenCV(4.13.0) D:\a\opencv-python\opencv-python\opencv\modules\imgproc\src\templmatch.cpp:1179: error: (-215:Assertion failed) _img.size().height <= _templ.size().height && _img.size().width <= _templ.size().width in function 'cv::matchTemplate'

2026-05-10 02:40:55,737  core.aya_separator              INFO        Line 3: 4 segment(s), 3 separator(s)
2026-05-10 02:40:56,705  core.aya_separator              INFO        Line 4: 4 segment(s), 3 separator(s)
2026-05-10 02:40:57,491  core.aya_separator              INFO        Line 5: 4 segment(s), 4 separator(s)
2026-05-10 02:40:58,254  core.aya_separator              INFO        Line 6: 4 segment(s), 3 separator(s)
2026-05-10 02:40:59,001  core.aya_separator              INFO        Line 7: 5 segment(s), 4 separator(s)
2026-05-10 02:40:59,695  core.aya_separator              INFO        Line 8: 3 segment(s), 3 separator(s)
2026-05-10 02:41:00,439  core.aya_separator              INFO        Line 9: 3 segment(s), 3 separator(s)
2026-05-10 02:41:01,109  core.aya_separator              INFO        Line 10: 3 segment(s), 2 separator(s)
2026-05-10 02:41:02,025  core.aya_separator              INFO        Line 11: 4 segment(s), 4 separator(s)
2026-05-10 02:41:02,715  core.aya_separator              INFO        Line 12: 4 segment(s), 3 separator(s)
2026-05-10 02:41:03,531  core.aya_separator              INFO        Line 13: 4 segment(s), 3 separator(s)
2026-05-10 02:41:04,135  core.aya_separator              INFO        Line 14: 3 segment(s), 2 separator(s)
2026-05-10 02:41:04,896  core.aya_separator              INFO        Line 15: 3 segment(s), 3 separator(s)
2026-05-10 02:41:04,897  core.coordinate_exporter        INFO        Line 1: TEXT — 1 segment(s), 0 separator(s)
2026-05-10 02:41:04,897  core.coordinate_exporter        INFO          … Aya 47 of آل عمران (Sura #3) [continued] — bbox: (1533, 428, 618, 120)
2026-05-10 02:41:04,897  core.coordinate_exporter        INFO        Line 2: TEXT — 1 segment(s), 0 separator(s)
2026-05-10 02:41:04,897  core.coordinate_exporter        INFO          … Aya 47 of آل عمران (Sura #3) [continued] — bbox: (929, 756, 1826, 160)
2026-05-10 02:41:04,897  core.coordinate_exporter        INFO        Line 3: TEXT — 4 segment(s), 3 separator(s)
2026-05-10 02:41:04,898  core.coordinate_exporter        INFO          ✦ Aya 47 of آل عمران (Sura #3) — bbox: (2675, 988, 768, 305)
2026-05-10 02:41:04,898  core.coordinate_exporter        INFO          ✦ Aya 48 of آل عمران (Sura #3) — bbox: (1760, 988, 915, 305)
2026-05-10 02:41:04,898  core.coordinate_exporter        INFO          ✦ Aya 49 of آل عمران (Sura #3) — bbox: (595, 988, 1165, 305)
2026-05-10 02:41:04,898  core.coordinate_exporter        INFO          … Aya 50 of آل عمران (Sura #3) [continued] — bbox: (246, 988, 349, 305)
2026-05-10 02:41:04,898  core.coordinate_exporter        INFO        Line 4: TEXT — 4 segment(s), 3 separator(s)
2026-05-10 02:41:04,898  core.coordinate_exporter        INFO          ✦ Aya 50 of آل عمران (Sura #3) — bbox: (2489, 1338, 954, 309)
2026-05-10 02:41:04,899  core.coordinate_exporter        INFO          ✦ Aya 51 of آل عمران (Sura #3) — bbox: (1645, 1338, 844, 309)
2026-05-10 02:41:04,899  core.coordinate_exporter        INFO          ✦ Aya 52 of آل عمران (Sura #3) — bbox: (692, 1338, 953, 309)
2026-05-10 02:41:04,899  core.coordinate_exporter        INFO          … Aya 53 of آل عمران (Sura #3) [continued] — bbox: (246, 1338, 446, 309)
2026-05-10 02:41:04,899  core.coordinate_exporter        INFO        Line 5: TEXT — 4 segment(s), 4 separator(s)
2026-05-10 02:41:04,899  core.coordinate_exporter        INFO          ✦ Aya 53 of آل عمران (Sura #3) — bbox: (2914, 1682, 527, 297)
2026-05-10 02:41:04,899  core.coordinate_exporter        INFO          ✦ Aya 54 of آل عمران (Sura #3) — bbox: (1827, 1682, 1087, 297)
2026-05-10 02:41:04,900  core.coordinate_exporter        INFO          ✦ Aya 55 of آل عمران (Sura #3) — bbox: (1138, 1682, 689, 297)
2026-05-10 02:41:04,900  core.coordinate_exporter        INFO          ✦ Aya 56 of آل عمران (Sura #3) — bbox: (234, 1682, 904, 297)
2026-05-10 02:41:04,900  core.coordinate_exporter        INFO        Line 6: TEXT — 4 segment(s), 3 separator(s)
2026-05-10 02:41:04,900  core.coordinate_exporter        INFO          ✦ Aya 57 of آل عمران (Sura #3) — bbox: (2557, 2048, 886, 289)
2026-05-10 02:41:04,900  core.coordinate_exporter        INFO          ✦ Aya 58 of آل عمران (Sura #3) — bbox: (1709, 2048, 848, 289)
2026-05-10 02:41:04,900  core.coordinate_exporter        INFO          ✦ Aya 59 of آل عمران (Sura #3) — bbox: (631, 2048, 1078, 289)
2026-05-10 02:41:04,900  core.coordinate_exporter        INFO          … Aya 60 of آل عمران (Sura #3) [continued] — bbox: (244, 2048, 387, 289)
2026-05-10 02:41:04,901  core.coordinate_exporter        INFO        Line 7: TEXT — 5 segment(s), 4 separator(s)
2026-05-10 02:41:04,901  core.coordinate_exporter        INFO          ✦ Aya 60 of آل عمران (Sura #3) — bbox: (2897, 2400, 545, 287)
2026-05-10 02:41:04,901  core.coordinate_exporter        INFO          ✦ Aya 61 of آل عمران (Sura #3) — bbox: (2139, 2400, 758, 287)
2026-05-10 02:41:04,901  core.coordinate_exporter        INFO          ✦ Aya 62 of آل عمران (Sura #3) — bbox: (1534, 2400, 605, 287)
2026-05-10 02:41:04,901  core.coordinate_exporter        INFO          ✦ Aya 63 of آل عمران (Sura #3) — bbox: (398, 2400, 1136, 287)
2026-05-10 02:41:04,901  core.coordinate_exporter        INFO          … Aya 64 of آل عمران (Sura #3) [continued] — bbox: (245, 2400, 153, 287)
2026-05-10 02:41:04,902  core.coordinate_exporter        INFO        Line 8: TEXT — 3 segment(s), 3 separator(s)
2026-05-10 02:41:04,902  core.coordinate_exporter        INFO          ✦ Aya 64 of آل عمران (Sura #3) — bbox: (2554, 2751, 888, 283)
2026-05-10 02:41:04,902  core.coordinate_exporter        INFO          ✦ Aya 65 of آل عمران (Sura #3) — bbox: (1212, 2751, 1342, 283)
2026-05-10 02:41:04,902  core.coordinate_exporter        INFO          ✦ Aya 66 of آل عمران (Sura #3) — bbox: (235, 2751, 977, 283)
2026-05-10 02:41:04,902  core.coordinate_exporter        INFO        Line 9: TEXT — 3 segment(s), 3 separator(s)
2026-05-10 02:41:04,902  core.coordinate_exporter        INFO          ✦ Aya 67 of آل عمران (Sura #3) — bbox: (2466, 3100, 976, 271)
2026-05-10 02:41:04,903  core.coordinate_exporter        INFO          ✦ Aya 68 of آل عمران (Sura #3) — bbox: (1460, 3100, 1006, 271)
2026-05-10 02:41:04,903  core.coordinate_exporter        INFO          ✦ Aya 69 of آل عمران (Sura #3) — bbox: (235, 3100, 1225, 271)
2026-05-10 02:41:04,903  core.coordinate_exporter        INFO        Line 10: TEXT — 3 segment(s), 2 separator(s)
2026-05-10 02:41:04,903  core.coordinate_exporter        INFO          ✦ Aya 70 of آل عمران (Sura #3) — bbox: (1968, 3446, 1474, 273)
2026-05-10 02:41:04,903  core.coordinate_exporter        INFO          ✦ Aya 71 of آل عمران (Sura #3) — bbox: (809, 3446, 1159, 273)
2026-05-10 02:41:04,904  core.coordinate_exporter        INFO          … Aya 72 of آل عمران (Sura #3) [continued] — bbox: (244, 3446, 565, 273)
2026-05-10 02:41:04,904  core.coordinate_exporter        INFO        Line 11: TEXT — 4 segment(s), 4 separator(s)
2026-05-10 02:41:04,904  core.coordinate_exporter        INFO          ✦ Aya 72 of آل عمران (Sura #3) — bbox: (2696, 3801, 746, 271)
2026-05-10 02:41:04,904  core.coordinate_exporter        INFO          ✦ Aya 73 of آل عمران (Sura #3) — bbox: (1832, 3801, 864, 271)
2026-05-10 02:41:04,904  core.coordinate_exporter        INFO          ✦ Aya 74 of آل عمران (Sura #3) — bbox: (1044, 3801, 788, 271)
2026-05-10 02:41:04,905  core.coordinate_exporter        INFO          ✦ Aya 75 of آل عمران (Sura #3) — bbox: (235, 3801, 809, 271)
2026-05-10 02:41:04,905  core.coordinate_exporter        INFO        Line 12: TEXT — 4 segment(s), 3 separator(s)
2026-05-10 02:41:04,905  core.coordinate_exporter        INFO          ✦ Aya 76 of آل عمران (Sura #3) — bbox: (2664, 4137, 777, 289)
2026-05-10 02:41:04,905  core.coordinate_exporter        INFO          ✦ Aya 77 of آل عمران (Sura #3) — bbox: (1923, 4137, 741, 289)
2026-05-10 02:41:04,905  core.coordinate_exporter        INFO          ✦ Aya 78 of آل عمران (Sura #3) — bbox: (731, 4137, 1192, 289)
2026-05-10 02:41:04,906  core.coordinate_exporter        INFO          … Aya 79 of آل عمران (Sura #3) [continued] — bbox: (244, 4137, 487, 289)
2026-05-10 02:41:04,906  core.coordinate_exporter        INFO        Line 13: TEXT — 4 segment(s), 3 separator(s)
2026-05-10 02:41:04,906  core.coordinate_exporter        INFO          ✦ Aya 79 of آل عمران (Sura #3) — bbox: (2832, 4493, 609, 283)
2026-05-10 02:41:04,906  core.coordinate_exporter        INFO          ✦ Aya 80 of آل عمران (Sura #3) — bbox: (1568, 4493, 1264, 283)
2026-05-10 02:41:04,906  core.coordinate_exporter        INFO          ✦ Aya 81 of آل عمران (Sura #3) — bbox: (813, 4493, 755, 283)
2026-05-10 02:41:04,907  core.coordinate_exporter        INFO          … Aya 82 of آل عمران (Sura #3) [continued] — bbox: (244, 4493, 569, 283)
2026-05-10 02:41:04,907  core.coordinate_exporter        INFO        Line 14: TEXT — 3 segment(s), 2 separator(s)
2026-05-10 02:41:04,907  core.coordinate_exporter        INFO          ✦ Aya 82 of آل عمران (Sura #3) — bbox: (2952, 4861, 490, 275)
2026-05-10 02:41:04,907  core.coordinate_exporter        INFO          ✦ Aya 83 of آل عمران (Sura #3) — bbox: (874, 4861, 2078, 275)
2026-05-10 02:41:04,907  core.coordinate_exporter        INFO          … Aya 84 of آل عمران (Sura #3) [continued] — bbox: (240, 4861, 634, 275)
2026-05-10 02:41:04,908  core.coordinate_exporter        INFO        Line 15: TEXT — 3 segment(s), 3 separator(s)
2026-05-10 02:41:04,908  core.coordinate_exporter        INFO          ✦ Aya 84 of آل عمران (Sura #3) — bbox: (2797, 5203, 644, 265)
2026-05-10 02:41:04,908  core.coordinate_exporter        INFO          ✦ Aya 85 of آل عمران (Sura #3) — bbox: (1636, 5203, 1161, 265)
2026-05-10 02:41:04,909  core.coordinate_exporter        INFO          ✦ Aya 86 of آل عمران (Sura #3) — bbox: (235, 5203, 1401, 265)
2026-05-10 02:41:04,917  core.page_processor             INFO          Saved results\586-l01-sura003-aya047.png
2026-05-10 02:41:04,944  core.page_processor             INFO          Saved results\586-l02-sura003-aya047.png
2026-05-10 02:41:04,965  core.page_processor             INFO          Saved results\586-l03-s01-sura003-aya047.png
2026-05-10 02:41:04,992  core.page_processor             INFO          Saved results\586-l03-s02-sura003-aya048.png
2026-05-10 02:41:05,036  core.page_processor             INFO          Saved results\586-l03-s03-sura003-aya049.png
2026-05-10 02:41:05,047  core.page_processor             INFO          Saved results\586-l03-s04-sura003-aya050.png
2026-05-10 02:41:05,085  core.page_processor             INFO          Saved results\586-l04-s01-sura003-aya050.png
2026-05-10 02:41:05,115  core.page_processor             INFO          Saved results\586-l04-s02-sura003-aya051.png
2026-05-10 02:41:05,143  core.page_processor             INFO          Saved results\586-l04-s03-sura003-aya052.png
2026-05-10 02:41:05,157  core.page_processor             INFO          Saved results\586-l04-s04-sura003-aya053.png
2026-05-10 02:41:05,175  core.page_processor             INFO          Saved results\586-l05-s01-sura003-aya053.png
2026-05-10 02:41:05,208  core.page_processor             INFO          Saved results\586-l05-s02-sura003-aya054.png
2026-05-10 02:41:05,230  core.page_processor             INFO          Saved results\586-l05-s03-sura003-aya055.png
2026-05-10 02:41:05,260  core.page_processor             INFO          Saved results\586-l05-s04-sura003-aya056.png
2026-05-10 02:41:05,302  core.page_processor             INFO          Saved results\586-l06-s01-sura003-aya057.png
2026-05-10 02:41:05,339  core.page_processor             INFO          Saved results\586-l06-s02-sura003-aya058.png
2026-05-10 02:41:05,374  core.page_processor             INFO          Saved results\586-l06-s03-sura003-aya059.png
2026-05-10 02:41:05,387  core.page_processor             INFO          Saved results\586-l06-s04-sura003-aya060.png
2026-05-10 02:41:05,404  core.page_processor             INFO          Saved results\586-l07-s01-sura003-aya060.png
2026-05-10 02:41:05,426  core.page_processor             INFO          Saved results\586-l07-s02-sura003-aya061.png
2026-05-10 02:41:05,450  core.page_processor             INFO          Saved results\586-l07-s03-sura003-aya062.png
2026-05-10 02:41:05,485  core.page_processor             INFO          Saved results\586-l07-s04-sura003-aya063.png
2026-05-10 02:41:05,490  core.page_processor             INFO          Saved results\586-l07-s05-sura003-aya064.png
2026-05-10 02:41:05,520  core.page_processor             INFO          Saved results\586-l08-s01-sura003-aya064.png
2026-05-10 02:41:05,571  core.page_processor             INFO          Saved results\586-l08-s02-sura003-aya065.png
2026-05-10 02:41:05,613  core.page_processor             INFO          Saved results\586-l08-s03-sura003-aya066.png
2026-05-10 02:41:05,650  core.page_processor             INFO          Saved results\586-l09-s01-sura003-aya067.png
2026-05-10 02:41:05,698  core.page_processor             INFO          Saved results\586-l09-s02-sura003-aya068.png
2026-05-10 02:41:05,749  core.page_processor             INFO          Saved results\586-l09-s03-sura003-aya069.png
2026-05-10 02:41:05,802  core.page_processor             INFO          Saved results\586-l10-s01-sura003-aya070.png
2026-05-10 02:41:05,860  core.page_processor             INFO          Saved results\586-l10-s02-sura003-aya071.png
2026-05-10 02:41:05,875  core.page_processor             INFO          Saved results\586-l10-s03-sura003-aya072.png
2026-05-10 02:41:05,909  core.page_processor             INFO          Saved results\586-l11-s01-sura003-aya072.png
2026-05-10 02:41:05,951  core.page_processor             INFO          Saved results\586-l11-s02-sura003-aya073.png
2026-05-10 02:41:05,992  core.page_processor             INFO          Saved results\586-l11-s03-sura003-aya074.png
2026-05-10 02:41:06,029  core.page_processor             INFO          Saved results\586-l11-s04-sura003-aya075.png
2026-05-10 02:41:06,070  core.page_processor             INFO          Saved results\586-l12-s01-sura003-aya076.png
2026-05-10 02:41:06,115  core.page_processor             INFO          Saved results\586-l12-s02-sura003-aya077.png
2026-05-10 02:41:06,161  core.page_processor             INFO          Saved results\586-l12-s03-sura003-aya078.png
2026-05-10 02:41:06,177  core.page_processor             INFO          Saved results\586-l12-s04-sura003-aya079.png
2026-05-10 02:41:06,195  core.page_processor             INFO          Saved results\586-l13-s01-sura003-aya079.png
2026-05-10 02:41:06,228  core.page_processor             INFO          Saved results\586-l13-s02-sura003-aya080.png
2026-05-10 02:41:06,257  core.page_processor             INFO          Saved results\586-l13-s03-sura003-aya081.png
2026-05-10 02:41:06,283  core.page_processor             INFO          Saved results\586-l13-s04-sura003-aya082.png
2026-05-10 02:41:06,303  core.page_processor             INFO          Saved results\586-l14-s01-sura003-aya082.png
2026-05-10 02:41:06,349  core.page_processor             INFO          Saved results\586-l14-s02-sura003-aya083.png
2026-05-10 02:41:06,365  core.page_processor             INFO          Saved results\586-l14-s03-sura003-aya084.png
2026-05-10 02:41:06,389  core.page_processor             INFO          Saved results\586-l15-s01-sura003-aya084.png
2026-05-10 02:41:06,419  core.page_processor             INFO          Saved results\586-l15-s02-sura003-aya085.png
2026-05-10 02:41:06,456  core.page_processor             INFO          Saved results\586-l15-s03-sura003-aya086.png
2026-05-10 02:41:06,457  core.page_processor             INFO        Exported 50 image(s) for 586.png
2026-05-10 02:41:06,457  core.page_processor             INFO        Finished 586.png: detected=15 lines
2026-05-10 02:41:06,457  core.pipeline                   INFO      Processing 587.png
2026-05-10 02:41:06,704  core.page_processor             INFO      
2026-05-10 02:41:06,705  core.page_processor             INFO      ━━━━━━━━━━━━━━━━━━━━━━━━━━━━━━━━━━━━━━━━━━━━━━━━━━
2026-05-10 02:41:06,705  core.page_processor             INFO      📄 PAGE 5 — 587.png
2026-05-10 02:41:06,706  core.page_processor             INFO      ━━━━━━━━━━━━━━━━━━━━━━━━━━━━━━━━━━━━━━━━━━━━━━━━━━
2026-05-10 02:41:06,737  core.line_detector              INFO        Detected 15 lines
2026-05-10 02:41:06,763  core.classifier                 INFO        line 1: score=0.2460
2026-05-10 02:41:06,772  core.classifier                 INFO        line 2: score=0.9988 → SURA
2026-05-10 02:41:06,785  core.classifier                 INFO        line 3: score=0.2372
2026-05-10 02:41:06,829  core.classifier                 INFO        line 4: score=0.2510
2026-05-10 02:41:06,875  core.classifier                 INFO        line 5: score=0.1815
2026-05-10 02:41:06,923  core.classifier                 INFO        line 6: score=0.2512
2026-05-10 02:41:06,979  core.classifier                 INFO        line 7: score=0.2342
2026-05-10 02:41:07,034  core.classifier                 INFO        line 8: score=0.2283
2026-05-10 02:41:07,077  core.classifier                 INFO        line 9: score=0.2656
2026-05-10 02:41:07,140  core.classifier                 INFO        line 10: score=0.2665
2026-05-10 02:41:07,198  core.classifier                 INFO        line 11: score=0.2903
2026-05-10 02:41:07,252  core.classifier                 INFO        line 12: score=0.2802
2026-05-10 02:41:07,297  core.classifier                 INFO        line 13: score=0.2423
2026-05-10 02:41:07,355  core.classifier                 INFO        line 14: score=0.2729
2026-05-10 02:41:07,406  core.classifier                 INFO        line 15: score=0.2481
2026-05-10 02:41:08,246  core.aya_separator              INFO        Line 1: 2 segment(s), 2 separator(s)
2026-05-10 02:41:09,727  core.aya_separator              INFO        Line 4: 3 segment(s), 2 separator(s)
2026-05-10 02:41:10,387  core.aya_separator              INFO        Line 5: 3 segment(s), 3 separator(s)
2026-05-10 02:41:11,159  core.aya_separator              INFO        Line 6: 3 segment(s), 2 separator(s)
2026-05-10 02:41:11,841  core.aya_separator              INFO        Line 7: 3 segment(s), 3 separator(s)
2026-05-10 02:41:12,690  core.aya_separator              INFO        Line 8: 3 segment(s), 2 separator(s)
2026-05-10 02:41:13,442  core.aya_separator              INFO        Line 9: 3 segment(s), 3 separator(s)
2026-05-10 02:41:14,288  core.aya_separator              INFO        Line 10: 3 segment(s), 3 separator(s)
2026-05-10 02:41:15,149  core.aya_separator              INFO        Line 11: 3 segment(s), 2 separator(s)
2026-05-10 02:41:15,811  core.aya_separator              INFO        Line 12: 3 segment(s), 3 separator(s)
2026-05-10 02:41:16,522  core.aya_separator              INFO        Line 13: 2 segment(s), 2 separator(s)
2026-05-10 02:41:17,322  core.aya_separator              INFO        Line 14: 3 segment(s), 2 separator(s)
2026-05-10 02:41:18,051  core.aya_separator              INFO        Line 15: 2 segment(s), 2 separator(s)
2026-05-10 02:41:18,051  core.coordinate_exporter        INFO        Line 1: TEXT — 2 segment(s), 2 separator(s)
2026-05-10 02:41:18,052  core.coordinate_exporter        INFO          ✦ Aya 87 of آل عمران (Sura #3) — bbox: (2308, 320, 937, 275)
2026-05-10 02:41:18,052  core.coordinate_exporter        INFO          ✦ Aya 88 of آل عمران (Sura #3) — bbox: (436, 320, 1872, 275)
2026-05-10 02:41:18,052  core.coordinate_exporter        INFO        Line 2: 📖 SURA HEADER — Starting Sura #4: النساء (An-Nisa)
2026-05-10 02:41:18,052  core.coordinate_exporter        INFO          Total ayas in this sura: 176
2026-05-10 02:41:18,053  core.coordinate_exporter        INFO        Line 3: ﷽  BASMALA — Sura #4 (النساء)
2026-05-10 02:41:18,053  core.coordinate_exporter        INFO        Line 4: TEXT — 3 segment(s), 2 separator(s)
2026-05-10 02:41:18,053  core.coordinate_exporter        INFO          ✦ Aya 1 of النساء (Sura #4) — bbox: (2342, 1352, 1117, 300)
2026-05-10 02:41:18,053  core.coordinate_exporter        INFO          ✦ Aya 2 of النساء (Sura #4) — bbox: (1043, 1352, 1299, 300)
2026-05-10 02:41:18,054  core.coordinate_exporter        INFO          … Aya 3 of النساء (Sura #4) [continued] — bbox: (269, 1352, 774, 300)
2026-05-10 02:41:18,054  core.coordinate_exporter        INFO        Line 5: TEXT — 3 segment(s), 3 separator(s)
2026-05-10 02:41:18,054  core.coordinate_exporter        INFO          ✦ Aya 3 of النساء (Sura #4) — bbox: (2879, 1716, 578, 277)
2026-05-10 02:41:18,054  core.coordinate_exporter        INFO          ✦ Aya 4 of النساء (Sura #4) — bbox: (1641, 1716, 1238, 277)
2026-05-10 02:41:18,054  core.coordinate_exporter        INFO          ✦ Aya 5 of النساء (Sura #4) — bbox: (263, 1716, 1378, 277)
2026-05-10 02:41:18,055  core.coordinate_exporter        INFO        Line 6: TEXT — 3 segment(s), 2 separator(s)
2026-05-10 02:41:18,055  core.coordinate_exporter        INFO          ✦ Aya 6 of النساء (Sura #4) — bbox: (2243, 2061, 1214, 280)
2026-05-10 02:41:18,055  core.coordinate_exporter        INFO          ✦ Aya 7 of النساء (Sura #4) — bbox: (967, 2061, 1276, 280)
2026-05-10 02:41:18,056  core.coordinate_exporter        INFO          … Aya 8 of النساء (Sura #4) [continued] — bbox: (269, 2061, 698, 280)
2026-05-10 02:41:18,056  core.coordinate_exporter        INFO        Line 7: TEXT — 3 segment(s), 3 separator(s)
2026-05-10 02:41:18,056  core.coordinate_exporter        INFO          ✦ Aya 8 of النساء (Sura #4) — bbox: (2831, 2426, 626, 276)
2026-05-10 02:41:18,057  core.coordinate_exporter        INFO          ✦ Aya 9 of النساء (Sura #4) — bbox: (1663, 2426, 1168, 276)
2026-05-10 02:41:18,057  core.coordinate_exporter        INFO          ✦ Aya 10 of النساء (Sura #4) — bbox: (263, 2426, 1400, 276)
2026-05-10 02:41:18,057  core.coordinate_exporter        INFO        Line 8: TEXT — 3 segment(s), 2 separator(s)
2026-05-10 02:41:18,057  core.coordinate_exporter        INFO          ✦ Aya 11 of النساء (Sura #4) — bbox: (2186, 2750, 1271, 285)
2026-05-10 02:41:18,058  core.coordinate_exporter        INFO          ✦ Aya 12 of النساء (Sura #4) — bbox: (891, 2750, 1295, 285)
2026-05-10 02:41:18,058  core.coordinate_exporter        INFO          … Aya 13 of النساء (Sura #4) [continued] — bbox: (269, 2750, 622, 285)
2026-05-10 02:41:18,058  core.coordinate_exporter        INFO        Line 9: TEXT — 3 segment(s), 3 separator(s)
2026-05-10 02:41:18,059  core.coordinate_exporter        INFO          ✦ Aya 13 of النساء (Sura #4) — bbox: (2904, 3125, 553, 272)
2026-05-10 02:41:18,059  core.coordinate_exporter        INFO          ✦ Aya 14 of النساء (Sura #4) — bbox: (1411, 3125, 1493, 272)
2026-05-10 02:41:18,059  core.coordinate_exporter        INFO          ✦ Aya 15 of النساء (Sura #4) — bbox: (269, 3125, 1142, 272)
2026-05-10 02:41:18,059  core.coordinate_exporter        INFO        Line 10: TEXT — 3 segment(s), 3 separator(s)
2026-05-10 02:41:18,060  core.coordinate_exporter        INFO          ✦ Aya 16 of النساء (Sura #4) — bbox: (2551, 3454, 906, 318)
2026-05-10 02:41:18,060  core.coordinate_exporter        INFO          ✦ Aya 17 of النساء (Sura #4) — bbox: (1424, 3454, 1127, 318)
2026-05-10 02:41:18,060  core.coordinate_exporter        INFO          ✦ Aya 18 of النساء (Sura #4) — bbox: (263, 3454, 1161, 318)
2026-05-10 02:41:18,061  core.coordinate_exporter        INFO        Line 11: TEXT — 3 segment(s), 2 separator(s)
2026-05-10 02:41:18,061  core.coordinate_exporter        INFO          ✦ Aya 19 of النساء (Sura #4) — bbox: (2269, 3802, 1187, 312)
2026-05-10 02:41:18,061  core.coordinate_exporter        INFO          ✦ Aya 20 of النساء (Sura #4) — bbox: (686, 3802, 1583, 312)
2026-05-10 02:41:18,061  core.coordinate_exporter        INFO          … Aya 21 of النساء (Sura #4) [continued] — bbox: (265, 3802, 421, 312)
2026-05-10 02:41:18,062  core.coordinate_exporter        INFO        Line 12: TEXT — 3 segment(s), 3 separator(s)
2026-05-10 02:41:18,062  core.coordinate_exporter        INFO          ✦ Aya 21 of النساء (Sura #4) — bbox: (2996, 4156, 460, 297)
2026-05-10 02:41:18,062  core.coordinate_exporter        INFO          ✦ Aya 22 of النساء (Sura #4) — bbox: (1640, 4156, 1356, 297)
2026-05-10 02:41:18,062  core.coordinate_exporter        INFO          ✦ Aya 23 of النساء (Sura #4) — bbox: (261, 4156, 1379, 297)
2026-05-10 02:41:18,063  core.coordinate_exporter        INFO        Line 13: TEXT — 2 segment(s), 2 separator(s)
2026-05-10 02:41:18,063  core.coordinate_exporter        INFO          ✦ Aya 24 of النساء (Sura #4) — bbox: (1849, 4538, 1607, 264)
2026-05-10 02:41:18,063  core.coordinate_exporter        INFO          ✦ Aya 25 of النساء (Sura #4) — bbox: (261, 4538, 1588, 264)
2026-05-10 02:41:18,063  core.coordinate_exporter        INFO        Line 14: TEXT — 3 segment(s), 2 separator(s)
2026-05-10 02:41:18,064  core.coordinate_exporter        INFO          ✦ Aya 26 of النساء (Sura #4) — bbox: (2566, 4834, 890, 304)
2026-05-10 02:41:18,064  core.coordinate_exporter        INFO          ✦ Aya 27 of النساء (Sura #4) — bbox: (1140, 4834, 1426, 304)
2026-05-10 02:41:18,064  core.coordinate_exporter        INFO          … Aya 28 of النساء (Sura #4) [continued] — bbox: (268, 4834, 872, 304)
2026-05-10 02:41:18,064  core.coordinate_exporter        INFO        Line 15: TEXT — 2 segment(s), 2 separator(s)
2026-05-10 02:41:18,065  core.coordinate_exporter        INFO          ✦ Aya 28 of النساء (Sura #4) — bbox: (2818, 5205, 638, 273)
2026-05-10 02:41:18,065  core.coordinate_exporter        INFO          ✦ Aya 29 of النساء (Sura #4) — bbox: (263, 5205, 2555, 273)
2026-05-10 02:41:18,100  core.page_processor             INFO          Saved results\587-l01-s01-sura003-aya087.png
2026-05-10 02:41:18,175  core.page_processor             INFO          Saved results\587-l01-s02-sura003-aya088.png
2026-05-10 02:41:18,278  core.page_processor             INFO          Saved results\587-l02-sura004-header.png
2026-05-10 02:41:18,341  core.page_processor             INFO          Saved results\587-l03-sura004-basmala.png
2026-05-10 02:41:18,374  core.page_processor             INFO          Saved results\587-l04-s01-sura004-aya001.png
2026-05-10 02:41:18,413  core.page_processor             INFO          Saved results\587-l04-s02-sura004-aya002.png
2026-05-10 02:41:18,444  core.page_processor             INFO          Saved results\587-l04-s03-sura004-aya003.png
2026-05-10 02:41:18,465  core.page_processor             INFO          Saved results\587-l05-s01-sura004-aya003.png
2026-05-10 02:41:18,526  core.page_processor             INFO          Saved results\587-l05-s02-sura004-aya004.png
2026-05-10 02:41:18,572  core.page_processor             INFO          Saved results\587-l05-s03-sura004-aya005.png
2026-05-10 02:41:18,624  core.page_processor             INFO          Saved results\587-l06-s01-sura004-aya006.png
2026-05-10 02:41:18,674  core.page_processor             INFO          Saved results\587-l06-s02-sura004-aya007.png
2026-05-10 02:41:18,702  core.page_processor             INFO          Saved results\587-l06-s03-sura004-aya008.png
2026-05-10 02:41:18,731  core.page_processor             INFO          Saved results\587-l07-s01-sura004-aya008.png
2026-05-10 02:41:18,774  core.page_processor             INFO          Saved results\587-l07-s02-sura004-aya009.png
2026-05-10 02:41:18,829  core.page_processor             INFO          Saved results\587-l07-s03-sura004-aya010.png
2026-05-10 02:41:18,873  core.page_processor             INFO          Saved results\587-l08-s01-sura004-aya011.png
2026-05-10 02:41:18,915  core.page_processor             INFO          Saved results\587-l08-s02-sura004-aya012.png
2026-05-10 02:41:18,933  core.page_processor             INFO          Saved results\587-l08-s03-sura004-aya013.png
2026-05-10 02:41:18,947  core.page_processor             INFO          Saved results\587-l09-s01-sura004-aya013.png
2026-05-10 02:41:18,985  core.page_processor             INFO          Saved results\587-l09-s02-sura004-aya014.png
2026-05-10 02:41:19,011  core.page_processor             INFO          Saved results\587-l09-s03-sura004-aya015.png
2026-05-10 02:41:19,034  core.page_processor             INFO          Saved results\587-l10-s01-sura004-aya016.png
2026-05-10 02:41:19,062  core.page_processor             INFO          Saved results\587-l10-s02-sura004-aya017.png
2026-05-10 02:41:19,092  core.page_processor             INFO          Saved results\587-l10-s03-sura004-aya018.png
2026-05-10 02:41:19,127  core.page_processor             INFO          Saved results\587-l11-s01-sura004-aya019.png
2026-05-10 02:41:19,462  core.page_processor             INFO          Saved results\587-l11-s02-sura004-aya020.png
2026-05-10 02:41:19,474  core.page_processor             INFO          Saved results\587-l11-s03-sura004-aya021.png
2026-05-10 02:41:19,487  core.page_processor             INFO          Saved results\587-l12-s01-sura004-aya021.png
2026-05-10 02:41:19,523  core.page_processor             INFO          Saved results\587-l12-s02-sura004-aya022.png
2026-05-10 02:41:19,559  core.page_processor             INFO          Saved results\587-l12-s03-sura004-aya023.png
2026-05-10 02:41:19,609  core.page_processor             INFO          Saved results\587-l13-s01-sura004-aya024.png
2026-05-10 02:41:19,654  core.page_processor             INFO          Saved results\587-l13-s02-sura004-aya025.png
2026-05-10 02:41:19,689  core.page_processor             INFO          Saved results\587-l14-s01-sura004-aya026.png
2026-05-10 02:41:19,754  core.page_processor             INFO          Saved results\587-l14-s02-sura004-aya027.png
2026-05-10 02:41:19,806  core.page_processor             INFO          Saved results\587-l14-s03-sura004-aya028.png
2026-05-10 02:41:19,832  core.page_processor             INFO          Saved results\587-l15-s01-sura004-aya028.png
2026-05-10 02:41:19,929  core.page_processor             INFO          Saved results\587-l15-s02-sura004-aya029.png
2026-05-10 02:41:19,930  core.page_processor             INFO        Exported 38 image(s) for 587.png
2026-05-10 02:41:19,932  core.page_processor             INFO        Finished 587.png: detected=15 lines
2026-05-10 02:41:19,933  core.pipeline                   INFO      Processing 588.png
2026-05-10 02:41:20,134  core.page_processor             INFO      
2026-05-10 02:41:20,135  core.page_processor             INFO      ━━━━━━━━━━━━━━━━━━━━━━━━━━━━━━━━━━━━━━━━━━━━━━━━━━
2026-05-10 02:41:20,135  core.page_processor             INFO      📄 PAGE 6 — 588.png
2026-05-10 02:41:20,135  core.page_processor             INFO      ━━━━━━━━━━━━━━━━━━━━━━━━━━━━━━━━━━━━━━━━━━━━━━━━━━
2026-05-10 02:41:20,168  core.line_detector              INFO        Detected 15 lines
2026-05-10 02:41:20,180  core.classifier                 INFO        line 1: score=0.9760 → SURA
2026-05-10 02:41:20,204  core.classifier                 INFO        line 2: score=0.2369
2026-05-10 02:41:20,261  core.classifier                 INFO        line 3: score=0.2495
2026-05-10 02:41:20,308  core.classifier                 INFO        line 4: score=0.2787
2026-05-10 02:41:20,345  core.classifier                 INFO        line 5: score=0.2211
2026-05-10 02:41:20,381  core.classifier                 INFO        line 6: score=0.2850
2026-05-10 02:41:20,419  core.classifier                 INFO        line 7: score=0.2078
2026-05-10 02:41:20,448  core.classifier                 INFO        line 8: score=0.3000
2026-05-10 02:41:20,491  core.classifier                 INFO        line 9: score=0.2316
2026-05-10 02:41:20,532  core.classifier                 INFO        line 10: score=0.2171
2026-05-10 02:41:20,567  core.classifier                 INFO        line 11: score=0.2452
2026-05-10 02:41:20,573  core.classifier                 INFO        line 12: score=0.9931 → SURA
2026-05-10 02:41:20,591  core.classifier                 INFO        line 13: score=0.2366
2026-05-10 02:41:20,631  core.classifier                 INFO        line 14: score=0.2686
2026-05-10 02:41:20,670  core.classifier                 INFO        line 15: score=0.2241
2026-05-10 02:41:21,846  core.aya_separator              INFO        Line 3: 3 segment(s), 2 separator(s)
2026-05-10 02:41:22,523  core.aya_separator              INFO        Line 4: 3 segment(s), 2 separator(s)
2026-05-10 02:41:23,401  core.aya_separator              INFO        Line 5: 3 segment(s), 2 separator(s)
2026-05-10 02:41:24,288  core.aya_separator              INFO        Line 6: 2 segment(s), 2 separator(s)
2026-05-10 02:41:25,288  core.aya_separator              INFO        Line 7: 3 segment(s), 2 separator(s)
2026-05-10 02:41:26,505  core.aya_separator              INFO        Line 8: 4 segment(s), 3 separator(s)
2026-05-10 02:41:27,657  core.aya_separator              INFO        Line 9: 3 segment(s), 2 separator(s)
2026-05-10 02:41:28,481  core.aya_separator              INFO        Line 10: 3 segment(s), 2 separator(s)
2026-05-10 02:41:29,366  core.aya_separator              INFO        Line 11: 2 segment(s), 2 separator(s)
2026-05-10 02:41:30,537  core.aya_separator              INFO        Line 14: 2 segment(s), 2 separator(s)
2026-05-10 02:41:31,394  core.aya_separator              INFO        Line 15: 2 segment(s), 2 separator(s)
2026-05-10 02:41:31,394  core.coordinate_exporter        INFO        Line 1: 📖 SURA HEADER — Starting Sura #5: المائدة (Al-Ma'idah)
2026-05-10 02:41:31,395  core.coordinate_exporter        INFO          Total ayas in this sura: 120
2026-05-10 02:41:31,395  core.coordinate_exporter        INFO        Line 2: ﷽  BASMALA — Sura #5 (المائدة)
2026-05-10 02:41:31,395  core.coordinate_exporter        INFO        Line 3: TEXT — 3 segment(s), 2 separator(s)
2026-05-10 02:41:31,395  core.coordinate_exporter        INFO          ✦ Aya 1 of المائدة (Sura #5) — bbox: (2214, 987, 1204, 294)
2026-05-10 02:41:31,396  core.coordinate_exporter        INFO          ✦ Aya 2 of المائدة (Sura #5) — bbox: (908, 987, 1306, 294)
2026-05-10 02:41:31,396  core.coordinate_exporter        INFO          … Aya 3 of المائدة (Sura #5) [continued] — bbox: (262, 987, 646, 294)
2026-05-10 02:41:31,396  core.coordinate_exporter        INFO        Line 4: TEXT — 3 segment(s), 2 separator(s)
2026-05-10 02:41:31,397  core.coordinate_exporter        INFO          ✦ Aya 3 of المائدة (Sura #5) — bbox: (2834, 1370, 586, 256)
2026-05-10 02:41:31,397  core.coordinate_exporter        INFO          ✦ Aya 4 of المائدة (Sura #5) — bbox: (1553, 1370, 1281, 256)
2026-05-10 02:41:31,397  core.coordinate_exporter        INFO          … Aya 5 of المائدة (Sura #5) [continued] — bbox: (262, 1370, 1291, 256)
2026-05-10 02:41:31,398  core.coordinate_exporter        INFO        Line 5: TEXT — 3 segment(s), 2 separator(s)
2026-05-10 02:41:31,398  core.coordinate_exporter        INFO          ✦ Aya 5 of المائدة (Sura #5) — bbox: (2793, 1681, 627, 314)
2026-05-10 02:41:31,398  core.coordinate_exporter        INFO          ✦ Aya 6 of المائدة (Sura #5) — bbox: (596, 1681, 2197, 314)
2026-05-10 02:41:31,399  core.coordinate_exporter        INFO          … Aya 7 of المائدة (Sura #5) [continued] — bbox: (262, 1681, 334, 314)
2026-05-10 02:41:31,399  core.coordinate_exporter        INFO        Line 6: TEXT — 2 segment(s), 2 separator(s)
2026-05-10 02:41:31,399  core.coordinate_exporter        INFO          ✦ Aya 7 of المائدة (Sura #5) — bbox: (1927, 2040, 1493, 290)
2026-05-10 02:41:31,400  core.coordinate_exporter        INFO          ✦ Aya 8 of المائدة (Sura #5) — bbox: (258, 2040, 1669, 290)
2026-05-10 02:41:31,400  core.coordinate_exporter        INFO        Line 7: TEXT — 3 segment(s), 2 separator(s)
2026-05-10 02:41:31,401  core.coordinate_exporter        INFO          ✦ Aya 9 of المائدة (Sura #5) — bbox: (2074, 2385, 1346, 293)
2026-05-10 02:41:31,401  core.coordinate_exporter        INFO          ✦ Aya 10 of المائدة (Sura #5) — bbox: (761, 2385, 1313, 293)
2026-05-10 02:41:31,401  core.coordinate_exporter        INFO          … Aya 11 of المائدة (Sura #5) [continued] — bbox: (262, 2385, 499, 293)
2026-05-10 02:41:31,401  core.coordinate_exporter        INFO        Line 8: TEXT — 4 segment(s), 3 separator(s)
2026-05-10 02:41:31,402  core.coordinate_exporter        INFO          ✦ Aya 11 of المائدة (Sura #5) — bbox: (2823, 2727, 597, 307)
2026-05-10 02:41:31,402  core.coordinate_exporter        INFO          ✦ Aya 12 of المائدة (Sura #5) — bbox: (1674, 2727, 1149, 307)
2026-05-10 02:41:31,402  core.coordinate_exporter        INFO          ✦ Aya 13 of المائدة (Sura #5) — bbox: (493, 2727, 1181, 307)
2026-05-10 02:41:31,403  core.coordinate_exporter        INFO          … Aya 14 of المائدة (Sura #5) [continued] — bbox: (263, 2727, 230, 307)
2026-05-10 02:41:31,403  core.coordinate_exporter        INFO        Line 9: TEXT — 3 segment(s), 2 separator(s)
2026-05-10 02:41:31,403  core.coordinate_exporter        INFO          ✦ Aya 14 of المائدة (Sura #5) — bbox: (2194, 3101, 1226, 276)
2026-05-10 02:41:31,404  core.coordinate_exporter        INFO          ✦ Aya 15 of المائدة (Sura #5) — bbox: (1025, 3101, 1169, 276)
2026-05-10 02:41:31,406  core.coordinate_exporter        INFO          … Aya 16 of المائدة (Sura #5) [continued] — bbox: (263, 3101, 762, 276)
2026-05-10 02:41:31,407  core.coordinate_exporter        INFO        Line 10: TEXT — 3 segment(s), 2 separator(s)
2026-05-10 02:41:31,407  core.coordinate_exporter        INFO          ✦ Aya 16 of المائدة (Sura #5) — bbox: (2834, 3476, 591, 247)
2026-05-10 02:41:31,408  core.coordinate_exporter        INFO          ✦ Aya 17 of المائدة (Sura #5) — bbox: (1348, 3476, 1486, 247)
2026-05-10 02:41:31,410  core.coordinate_exporter        INFO          … Aya 18 of المائدة (Sura #5) [continued] — bbox: (263, 3476, 1085, 247)
2026-05-10 02:41:31,416  core.coordinate_exporter        INFO        Line 11: TEXT — 2 segment(s), 2 separator(s)
2026-05-10 02:41:31,420  core.coordinate_exporter        INFO          ✦ Aya 18 of المائدة (Sura #5) — bbox: (2966, 3772, 455, 310)
2026-05-10 02:41:31,423  core.coordinate_exporter        INFO          ✦ Aya 19 of المائدة (Sura #5) — bbox: (257, 3772, 2709, 310)
2026-05-10 02:41:31,425  core.coordinate_exporter        INFO        Line 12: 📖 SURA HEADER — Starting Sura #6: الأنعام (Al-An'am)
2026-05-10 02:41:31,429  core.coordinate_exporter        INFO          Total ayas in this sura: 165
2026-05-10 02:41:31,433  core.coordinate_exporter        INFO        Line 13: ﷽  BASMALA — Sura #6 (الأنعام)
2026-05-10 02:41:31,434  core.coordinate_exporter        INFO        Line 14: TEXT — 2 segment(s), 2 separator(s)
2026-05-10 02:41:31,435  core.coordinate_exporter        INFO          ✦ Aya 1 of الأنعام (Sura #6) — bbox: (2331, 4802, 1090, 301)
2026-05-10 02:41:31,436  core.coordinate_exporter        INFO          ✦ Aya 2 of الأنعام (Sura #6) — bbox: (255, 4802, 2076, 301)
2026-05-10 02:41:31,437  core.coordinate_exporter        INFO        Line 15: TEXT — 2 segment(s), 2 separator(s)
2026-05-10 02:41:31,437  core.coordinate_exporter        INFO          ✦ Aya 3 of الأنعام (Sura #6) — bbox: (1892, 5164, 1529, 288)
2026-05-10 02:41:31,437  core.coordinate_exporter        INFO          ✦ Aya 4 of الأنعام (Sura #6) — bbox: (258, 5164, 1634, 288)
2026-05-10 02:41:31,529  core.page_processor             INFO          Saved results\588-l01-sura005-header.png
2026-05-10 02:41:31,605  core.page_processor             INFO          Saved results\588-l02-sura005-basmala.png
2026-05-10 02:41:31,641  core.page_processor             INFO          Saved results\588-l03-s01-sura005-aya001.png
2026-05-10 02:41:31,686  core.page_processor             INFO          Saved results\588-l03-s02-sura005-aya002.png
2026-05-10 02:41:31,703  core.page_processor             INFO          Saved results\588-l03-s03-sura005-aya003.png
2026-05-10 02:41:31,731  core.page_processor             INFO          Saved results\588-l04-s01-sura005-aya003.png
2026-05-10 02:41:31,765  core.page_processor             INFO          Saved results\588-l04-s02-sura005-aya004.png
2026-05-10 02:41:31,791  core.page_processor             INFO          Saved results\588-l04-s03-sura005-aya005.png
2026-05-10 02:41:31,808  core.page_processor             INFO          Saved results\588-l05-s01-sura005-aya005.png
2026-05-10 02:41:31,869  core.page_processor             INFO          Saved results\588-l05-s02-sura005-aya006.png
2026-05-10 02:41:31,880  core.page_processor             INFO          Saved results\588-l05-s03-sura005-aya007.png
2026-05-10 02:41:31,920  core.page_processor             INFO          Saved results\588-l06-s01-sura005-aya007.png
2026-05-10 02:41:31,968  core.page_processor             INFO          Saved results\588-l06-s02-sura005-aya008.png
2026-05-10 02:41:32,034  core.page_processor             INFO          Saved results\588-l07-s01-sura005-aya009.png
2026-05-10 02:41:32,082  core.page_processor             INFO          Saved results\588-l07-s02-sura005-aya010.png
2026-05-10 02:41:32,096  core.page_processor             INFO          Saved results\588-l07-s03-sura005-aya011.png
2026-05-10 02:41:32,114  core.page_processor             INFO          Saved results\588-l08-s01-sura005-aya011.png
2026-05-10 02:41:32,145  core.page_processor             INFO          Saved results\588-l08-s02-sura005-aya012.png
2026-05-10 02:41:32,188  core.page_processor             INFO          Saved results\588-l08-s03-sura005-aya013.png
2026-05-10 02:41:32,198  core.page_processor             INFO          Saved results\588-l08-s04-sura005-aya014.png
2026-05-10 02:41:32,232  core.page_processor             INFO          Saved results\588-l09-s01-sura005-aya014.png
2026-05-10 02:41:32,273  core.page_processor             INFO          Saved results\588-l09-s02-sura005-aya015.png
2026-05-10 02:41:32,298  core.page_processor             INFO          Saved results\588-l09-s03-sura005-aya016.png
2026-05-10 02:41:32,319  core.page_processor             INFO          Saved results\588-l10-s01-sura005-aya016.png
2026-05-10 02:41:32,362  core.page_processor             INFO          Saved results\588-l10-s02-sura005-aya017.png
2026-05-10 02:41:32,404  core.page_processor             INFO          Saved results\588-l10-s03-sura005-aya018.png
2026-05-10 02:41:32,428  core.page_processor             INFO          Saved results\588-l11-s01-sura005-aya018.png
2026-05-10 02:41:32,575  core.page_processor             INFO          Saved results\588-l11-s02-sura005-aya019.png
2026-05-10 02:41:32,700  core.page_processor             INFO          Saved results\588-l12-sura006-header.png
2026-05-10 02:41:32,808  core.page_processor             INFO          Saved results\588-l13-sura006-basmala.png
2026-05-10 02:41:32,844  core.page_processor             INFO          Saved results\588-l14-s01-sura006-aya001.png
2026-05-10 02:41:32,930  core.page_processor             INFO          Saved results\588-l14-s02-sura006-aya002.png
2026-05-10 02:41:32,981  core.page_processor             INFO          Saved results\588-l15-s01-sura006-aya003.png
2026-05-10 02:41:33,053  core.page_processor             INFO          Saved results\588-l15-s02-sura006-aya004.png
2026-05-10 02:41:33,054  core.page_processor             INFO        Exported 34 image(s) for 588.png
2026-05-10 02:41:33,054  core.page_processor             INFO        Finished 588.png: detected=15 lines
2026-05-10 02:41:33,054  core.pipeline                   INFO      Processing 589.png
2026-05-10 02:41:33,180  core.page_processor             INFO      
2026-05-10 02:41:33,180  core.page_processor             INFO      ━━━━━━━━━━━━━━━━━━━━━━━━━━━━━━━━━━━━━━━━━━━━━━━━━━
2026-05-10 02:41:33,180  core.page_processor             INFO      📄 PAGE 7 — 589.png
2026-05-10 02:41:33,181  core.page_processor             INFO      ━━━━━━━━━━━━━━━━━━━━━━━━━━━━━━━━━━━━━━━━━━━━━━━━━━
2026-05-10 02:41:33,195  core.line_detector              INFO        Detected 15 lines
2026-05-10 02:41:33,226  core.classifier                 INFO        line 1: score=0.2697
2026-05-10 02:41:33,256  core.classifier                 INFO        line 2: score=0.2557
2026-05-10 02:41:33,295  core.classifier                 INFO        line 3: score=0.2138
2026-05-10 02:41:33,322  core.classifier                 INFO        line 4: score=0.1784
2026-05-10 02:41:33,349  core.classifier                 INFO        line 5: score=0.2780
2026-05-10 02:41:33,381  core.classifier                 INFO        line 6: score=0.1953
2026-05-10 02:41:33,421  core.classifier                 INFO        line 7: score=0.2125
2026-05-10 02:41:33,456  core.classifier                 INFO        line 8: score=0.2723
2026-05-10 02:41:33,490  core.classifier                 INFO        line 9: score=0.2421
2026-05-10 02:41:33,555  core.classifier                 INFO        line 10: score=0.2262
2026-05-10 02:41:33,616  core.classifier                 INFO        line 11: score=0.3291
2026-05-10 02:41:33,661  core.classifier                 INFO        line 12: score=0.2121
2026-05-10 02:41:33,703  core.classifier                 INFO        line 13: score=0.2467
2026-05-10 02:41:33,760  core.classifier                 INFO        line 14: score=0.3124
2026-05-10 02:41:33,829  core.classifier                 INFO        line 15: score=0.2814
2026-05-10 02:41:34,614  core.aya_separator              INFO        Line 1: 3 segment(s), 2 separator(s)
2026-05-10 02:41:35,328  core.aya_separator              INFO        Line 2: 3 segment(s), 3 separator(s)
2026-05-10 02:41:36,077  core.aya_separator              INFO        Line 3: 3 segment(s), 2 separator(s)
2026-05-10 02:41:37,012  core.aya_separator              INFO        Line 4: 2 segment(s), 2 separator(s)
2026-05-10 02:41:37,721  core.aya_separator              INFO        Line 5: 2 segment(s), 1 separator(s)
2026-05-10 02:41:38,566  core.aya_separator              INFO        Line 6: 3 segment(s), 2 separator(s)
2026-05-10 02:41:39,441  core.aya_separator              INFO        Line 7: 2 segment(s), 2 separator(s)
2026-05-10 02:41:40,111  core.aya_separator              INFO        Line 8: 3 segment(s), 3 separator(s)
2026-05-10 02:41:40,994  core.aya_separator              INFO        Line 9: 3 segment(s), 2 separator(s)
2026-05-10 02:41:41,637  core.aya_separator              INFO        Line 10: 3 segment(s), 2 separator(s)
2026-05-10 02:41:42,383  core.aya_separator              INFO        Line 11: 2 segment(s), 1 separator(s)
2026-05-10 02:41:43,042  core.aya_separator              INFO        Line 12: 3 segment(s), 2 separator(s)
2026-05-10 02:41:43,849  core.aya_separator              INFO        Line 13: 2 segment(s), 2 separator(s)
2026-05-10 02:41:44,763  core.aya_separator              INFO        Line 14: 2 segment(s), 1 separator(s)
2026-05-10 02:41:45,477  core.aya_separator              INFO        Line 15: 2 segment(s), 2 separator(s)
2026-05-10 02:41:45,477  core.coordinate_exporter        INFO        Line 1: TEXT — 3 segment(s), 2 separator(s)
2026-05-10 02:41:45,478  core.coordinate_exporter        INFO          ✦ Aya 5 of الأنعام (Sura #6) — bbox: (2677, 302, 779, 283)
2026-05-10 02:41:45,478  core.coordinate_exporter        INFO          ✦ Aya 6 of الأنعام (Sura #6) — bbox: (911, 302, 1766, 283)
2026-05-10 02:41:45,478  core.coordinate_exporter        INFO          … Aya 7 of الأنعام (Sura #6) [continued] — bbox: (267, 302, 644, 283)
2026-05-10 02:41:45,479  core.coordinate_exporter        INFO        Line 2: TEXT — 3 segment(s), 3 separator(s)
2026-05-10 02:41:45,479  core.coordinate_exporter        INFO          ✦ Aya 7 of الأنعام (Sura #6) — bbox: (2332, 665, 1123, 272)
2026-05-10 02:41:45,479  core.coordinate_exporter        INFO          ✦ Aya 8 of الأنعام (Sura #6) — bbox: (1068, 665, 1264, 272)
2026-05-10 02:41:45,480  core.coordinate_exporter        INFO          ✦ Aya 9 of الأنعام (Sura #6) — bbox: (261, 665, 807, 272)
2026-05-10 02:41:45,480  core.coordinate_exporter        INFO        Line 3: TEXT — 3 segment(s), 2 separator(s)
2026-05-10 02:41:45,480  core.coordinate_exporter        INFO          ✦ Aya 10 of الأنعام (Sura #6) — bbox: (2143, 999, 1311, 286)
2026-05-10 02:41:45,480  core.coordinate_exporter        INFO          ✦ Aya 11 of الأنعام (Sura #6) — bbox: (751, 999, 1392, 286)
2026-05-10 02:41:45,480  core.coordinate_exporter        INFO          … Aya 12 of الأنعام (Sura #6) [continued] — bbox: (266, 999, 485, 286)
2026-05-10 02:41:45,481  core.coordinate_exporter        INFO        Line 4: TEXT — 2 segment(s), 2 separator(s)
2026-05-10 02:41:45,481  core.coordinate_exporter        INFO          ✦ Aya 12 of الأنعام (Sura #6) — bbox: (2259, 1323, 1195, 310)
2026-05-10 02:41:45,481  core.coordinate_exporter        INFO          ✦ Aya 13 of الأنعام (Sura #6) — bbox: (260, 1323, 1999, 310)
2026-05-10 02:41:45,481  core.coordinate_exporter        INFO        Line 5: TEXT — 2 segment(s), 1 separator(s)
2026-05-10 02:41:45,481  core.coordinate_exporter        INFO          ✦ Aya 14 of الأنعام (Sura #6) — bbox: (1205, 1677, 2250, 293)
2026-05-10 02:41:45,482  core.coordinate_exporter        INFO          … Aya 15 of الأنعام (Sura #6) [continued] — bbox: (267, 1677, 938, 293)
2026-05-10 02:41:45,482  core.coordinate_exporter        INFO        Line 6: TEXT — 3 segment(s), 2 separator(s)
2026-05-10 02:41:45,482  core.coordinate_exporter        INFO          ✦ Aya 15 of الأنعام (Sura #6) — bbox: (2291, 2043, 1164, 293)
2026-05-10 02:41:45,482  core.coordinate_exporter        INFO          ✦ Aya 16 of الأنعام (Sura #6) — bbox: (941, 2043, 1350, 293)
2026-05-10 02:41:45,483  core.coordinate_exporter        INFO          … Aya 17 of الأنعام (Sura #6) [continued] — bbox: (267, 2043, 674, 293)
2026-05-10 02:41:45,483  core.coordinate_exporter        INFO        Line 7: TEXT — 2 segment(s), 2 separator(s)
2026-05-10 02:41:45,483  core.coordinate_exporter        INFO          ✦ Aya 17 of الأنعام (Sura #6) — bbox: (2101, 2377, 1354, 309)
2026-05-10 02:41:45,483  core.coordinate_exporter        INFO          ✦ Aya 18 of الأنعام (Sura #6) — bbox: (260, 2377, 1841, 309)
2026-05-10 02:41:45,484  core.coordinate_exporter        INFO        Line 8: TEXT — 3 segment(s), 3 separator(s)
2026-05-10 02:41:45,484  core.coordinate_exporter        INFO          ✦ Aya 19 of الأنعام (Sura #6) — bbox: (2267, 2750, 1188, 272)
2026-05-10 02:41:45,484  core.coordinate_exporter        INFO          ✦ Aya 20 of الأنعام (Sura #6) — bbox: (1462, 2750, 805, 272)
2026-05-10 02:41:45,484  core.coordinate_exporter        INFO          ✦ Aya 21 of الأنعام (Sura #6) — bbox: (260, 2750, 1202, 272)
2026-05-10 02:41:45,485  core.coordinate_exporter        INFO        Line 9: TEXT — 3 segment(s), 2 separator(s)
2026-05-10 02:41:45,485  core.coordinate_exporter        INFO          ✦ Aya 22 of الأنعام (Sura #6) — bbox: (2256, 3084, 1199, 299)
2026-05-10 02:41:45,485  core.coordinate_exporter        INFO          ✦ Aya 23 of الأنعام (Sura #6) — bbox: (771, 3084, 1485, 299)
2026-05-10 02:41:45,485  core.coordinate_exporter        INFO          … Aya 24 of الأنعام (Sura #6) [continued] — bbox: (267, 3084, 504, 299)
2026-05-10 02:41:45,485  core.coordinate_exporter        INFO        Line 10: TEXT — 3 segment(s), 2 separator(s)
2026-05-10 02:41:45,486  core.coordinate_exporter        INFO          ✦ Aya 24 of الأنعام (Sura #6) — bbox: (2041, 3455, 1414, 274)
2026-05-10 02:41:45,486  core.coordinate_exporter        INFO          ✦ Aya 25 of الأنعام (Sura #6) — bbox: (667, 3455, 1374, 274)
2026-05-10 02:41:45,486  core.coordinate_exporter        INFO          … Aya 26 of الأنعام (Sura #6) [continued] — bbox: (267, 3455, 400, 274)
2026-05-10 02:41:45,486  core.coordinate_exporter        INFO        Line 11: TEXT — 2 segment(s), 1 separator(s)
2026-05-10 02:41:45,486  core.coordinate_exporter        INFO          ✦ Aya 26 of الأنعام (Sura #6) — bbox: (974, 3812, 2481, 253)
2026-05-10 02:41:45,487  core.coordinate_exporter        INFO          … Aya 27 of الأنعام (Sura #6) [continued] — bbox: (267, 3812, 707, 253)
2026-05-10 02:41:45,487  core.coordinate_exporter        INFO        Line 12: TEXT — 3 segment(s), 2 separator(s)
2026-05-10 02:41:45,487  core.coordinate_exporter        INFO          ✦ Aya 27 of الأنعام (Sura #6) — bbox: (2875, 4140, 580, 283)
2026-05-10 02:41:45,487  core.coordinate_exporter        INFO          ✦ Aya 28 of الأنعام (Sura #6) — bbox: (1371, 4140, 1504, 283)
2026-05-10 02:41:45,487  core.coordinate_exporter        INFO          … Aya 29 of الأنعام (Sura #6) [continued] — bbox: (266, 4140, 1105, 283)
2026-05-10 02:41:45,488  core.coordinate_exporter        INFO        Line 13: TEXT — 2 segment(s), 2 separator(s)
2026-05-10 02:41:45,488  core.coordinate_exporter        INFO          ✦ Aya 29 of الأنعام (Sura #6) — bbox: (1854, 4485, 1601, 291)
2026-05-10 02:41:45,489  core.coordinate_exporter        INFO          ✦ Aya 30 of الأنعام (Sura #6) — bbox: (260, 4485, 1594, 291)
2026-05-10 02:41:45,489  core.coordinate_exporter        INFO        Line 14: TEXT — 2 segment(s), 1 separator(s)
2026-05-10 02:41:45,489  core.coordinate_exporter        INFO          ✦ Aya 31 of الأنعام (Sura #6) — bbox: (1123, 4814, 2332, 308)
2026-05-10 02:41:45,490  core.coordinate_exporter        INFO          … Aya 32 of الأنعام (Sura #6) [continued] — bbox: (266, 4814, 857, 308)
2026-05-10 02:41:45,490  core.coordinate_exporter        INFO        Line 15: TEXT — 2 segment(s), 2 separator(s)
2026-05-10 02:41:45,490  core.coordinate_exporter        INFO          ✦ Aya 32 of الأنعام (Sura #6) — bbox: (2026, 5179, 1429, 293)
2026-05-10 02:41:45,491  core.coordinate_exporter        INFO          ✦ Aya 33 of الأنعام (Sura #6) — bbox: (259, 5179, 1767, 293)
2026-05-10 02:41:45,522  core.page_processor             INFO          Saved results\589-l01-s01-sura006-aya005.png
2026-05-10 02:41:45,576  core.page_processor             INFO          Saved results\589-l01-s02-sura006-aya006.png
2026-05-10 02:41:45,595  core.page_processor             INFO          Saved results\589-l01-s03-sura006-aya007.png
2026-05-10 02:41:45,626  core.page_processor             INFO          Saved results\589-l02-s01-sura006-aya007.png
2026-05-10 02:41:45,664  core.page_processor             INFO          Saved results\589-l02-s02-sura006-aya008.png
2026-05-10 02:41:45,690  core.page_processor             INFO          Saved results\589-l02-s03-sura006-aya009.png
2026-05-10 02:41:45,743  core.page_processor             INFO          Saved results\589-l03-s01-sura006-aya010.png
2026-05-10 02:41:45,797  core.page_processor             INFO          Saved results\589-l03-s02-sura006-aya011.png
2026-05-10 02:41:45,815  core.page_processor             INFO          Saved results\589-l03-s03-sura006-aya012.png
2026-05-10 02:41:45,862  core.page_processor             INFO          Saved results\589-l04-s01-sura006-aya012.png
2026-05-10 02:41:45,950  core.page_processor             INFO          Saved results\589-l04-s02-sura006-aya013.png
2026-05-10 02:41:46,043  core.page_processor             INFO          Saved results\589-l05-s01-sura006-aya014.png
2026-05-10 02:41:46,071  core.page_processor             INFO          Saved results\589-l05-s02-sura006-aya015.png
2026-05-10 02:41:46,106  core.page_processor             INFO          Saved results\589-l06-s01-sura006-aya015.png
2026-05-10 02:41:46,141  core.page_processor             INFO          Saved results\589-l06-s02-sura006-aya016.png
2026-05-10 02:41:46,159  core.page_processor             INFO          Saved results\589-l06-s03-sura006-aya017.png
2026-05-10 02:41:46,197  core.page_processor             INFO          Saved results\589-l07-s01-sura006-aya017.png
2026-05-10 02:41:46,242  core.page_processor             INFO          Saved results\589-l07-s02-sura006-aya018.png
2026-05-10 02:41:46,285  core.page_processor             INFO          Saved results\589-l08-s01-sura006-aya019.png
2026-05-10 02:41:46,309  core.page_processor             INFO          Saved results\589-l08-s02-sura006-aya020.png
2026-05-10 02:41:46,345  core.page_processor             INFO          Saved results\589-l08-s03-sura006-aya021.png
2026-05-10 02:41:46,377  core.page_processor             INFO          Saved results\589-l09-s01-sura006-aya022.png
2026-05-10 02:41:46,424  core.page_processor             INFO          Saved results\589-l09-s02-sura006-aya023.png
2026-05-10 02:41:46,448  core.page_processor             INFO          Saved results\589-l09-s03-sura006-aya024.png
2026-05-10 02:41:46,497  core.page_processor             INFO          Saved results\589-l10-s01-sura006-aya024.png
2026-05-10 02:41:46,530  core.page_processor             INFO          Saved results\589-l10-s02-sura006-aya025.png
2026-05-10 02:41:46,547  core.page_processor             INFO          Saved results\589-l10-s03-sura006-aya026.png
2026-05-10 02:41:46,662  core.page_processor             INFO          Saved results\589-l11-s01-sura006-aya026.png
2026-05-10 02:41:46,687  core.page_processor             INFO          Saved results\589-l11-s02-sura006-aya027.png
2026-05-10 02:41:46,709  core.page_processor             INFO          Saved results\589-l12-s01-sura006-aya027.png
2026-05-10 02:41:46,762  core.page_processor             INFO          Saved results\589-l12-s02-sura006-aya028.png
2026-05-10 02:41:46,796  core.page_processor             INFO          Saved results\589-l12-s03-sura006-aya029.png
2026-05-10 02:41:46,843  core.page_processor             INFO          Saved results\589-l13-s01-sura006-aya029.png
2026-05-10 02:41:46,884  core.page_processor             INFO          Saved results\589-l13-s02-sura006-aya030.png
2026-05-10 02:41:46,957  core.page_processor             INFO          Saved results\589-l14-s01-sura006-aya031.png
2026-05-10 02:41:46,993  core.page_processor             INFO          Saved results\589-l14-s02-sura006-aya032.png
2026-05-10 02:41:47,046  core.page_processor             INFO          Saved results\589-l15-s01-sura006-aya032.png
2026-05-10 02:41:47,131  core.page_processor             INFO          Saved results\589-l15-s02-sura006-aya033.png
2026-05-10 02:41:47,132  core.page_processor             INFO        Exported 38 image(s) for 589.png
2026-05-10 02:41:47,133  core.page_processor             INFO        Finished 589.png: detected=15 lines
2026-05-10 02:41:47,133  core.pipeline                   INFO      Processing 590.png
2026-05-10 02:41:47,337  core.page_processor             INFO      
2026-05-10 02:41:47,337  core.page_processor             INFO      ━━━━━━━━━━━━━━━━━━━━━━━━━━━━━━━━━━━━━━━━━━━━━━━━━━
2026-05-10 02:41:47,338  core.page_processor             INFO      📄 PAGE 8 — 590.png
2026-05-10 02:41:47,338  core.page_processor             INFO      ━━━━━━━━━━━━━━━━━━━━━━━━━━━━━━━━━━━━━━━━━━━━━━━━━━
2026-05-10 02:41:47,369  core.line_detector              INFO        Detected 15 lines
2026-05-10 02:41:47,412  core.classifier                 INFO        line 1: score=0.2667
2026-05-10 02:41:47,521  core.classifier                 INFO        line 2: score=0.2646
2026-05-10 02:41:47,531  core.classifier                 INFO        line 3: score=0.9666 → SURA
2026-05-10 02:41:47,554  core.classifier                 INFO        line 4: score=0.2370
2026-05-10 02:41:47,597  core.classifier                 INFO        line 5: score=0.1980
2026-05-10 02:41:47,636  core.classifier                 INFO        line 6: score=0.2128
2026-05-10 02:41:47,674  core.classifier                 INFO        line 7: score=0.2200
2026-05-10 02:41:47,704  core.classifier                 INFO        line 8: score=0.2883
2026-05-10 02:41:47,731  core.classifier                 INFO        line 9: score=0.2802
2026-05-10 02:41:47,766  core.classifier                 INFO        line 10: score=0.2930
2026-05-10 02:41:47,799  core.classifier                 INFO        line 11: score=0.2291
2026-05-10 02:41:47,834  core.classifier                 INFO        line 12: score=0.3336
2026-05-10 02:41:47,875  core.classifier                 INFO        line 13: score=0.3405
2026-05-10 02:41:47,918  core.classifier                 INFO        line 14: score=0.2030
2026-05-10 02:41:47,969  core.classifier                 INFO        line 15: score=0.2519
2026-05-10 02:41:48,772  core.aya_separator              INFO        Line 1: 2 segment(s), 1 separator(s)
2026-05-10 02:41:49,499  core.aya_separator              INFO        Line 2: 2 segment(s), 2 separator(s)
2026-05-10 02:41:50,600  core.aya_separator              INFO        Line 5: 3 segment(s), 3 separator(s)
2026-05-10 02:41:51,387  core.aya_separator              INFO        Line 6: 3 segment(s), 2 separator(s)
2026-05-10 02:41:52,100  core.aya_separator              INFO        Line 7: 2 segment(s), 1 separator(s)
2026-05-10 02:41:52,807  core.aya_separator              INFO        Line 8: 3 segment(s), 2 separator(s)
2026-05-10 02:41:53,502  core.aya_separator              INFO        Line 9: 3 segment(s), 2 separator(s)
2026-05-10 02:41:54,227  core.aya_separator              INFO        Line 10: 3 segment(s), 3 separator(s)
2026-05-10 02:41:54,936  core.aya_separator              INFO        Line 11: 3 segment(s), 2 separator(s)
2026-05-10 02:41:55,853  core.aya_separator              INFO        Line 12: 3 segment(s), 3 separator(s)
2026-05-10 02:41:56,662  core.aya_separator              INFO        Line 13: 3 segment(s), 2 separator(s)
2026-05-10 02:41:57,377  core.aya_separator              INFO        Line 14: 2 segment(s), 2 separator(s)
2026-05-10 02:41:58,177  core.aya_separator              INFO        Line 15: 2 segment(s), 2 separator(s)
2026-05-10 02:41:58,178  core.coordinate_exporter        INFO        Line 1: TEXT — 2 segment(s), 1 separator(s)
2026-05-10 02:41:58,178  core.coordinate_exporter        INFO          ✦ Aya 34 of الأنعام (Sura #6) — bbox: (476, 296, 2964, 284)
2026-05-10 02:41:58,178  core.coordinate_exporter        INFO          … Aya 35 of الأنعام (Sura #6) [continued] — bbox: (252, 296, 224, 284)
2026-05-10 02:41:58,178  core.coordinate_exporter        INFO        Line 2: TEXT — 2 segment(s), 2 separator(s)
2026-05-10 02:41:58,179  core.coordinate_exporter        INFO          ✦ Aya 35 of الأنعام (Sura #6) — bbox: (2287, 643, 1152, 296)
2026-05-10 02:41:58,179  core.coordinate_exporter        INFO          ✦ Aya 36 of الأنعام (Sura #6) — bbox: (242, 643, 2045, 296)
2026-05-10 02:41:58,179  core.coordinate_exporter        INFO        Line 3: 📖 SURA HEADER — Starting Sura #7: الأعراف (Al-A'raf)
2026-05-10 02:41:58,179  core.coordinate_exporter        INFO          Total ayas in this sura: 206
2026-05-10 02:41:58,180  core.coordinate_exporter        INFO        Line 4: ﷽  BASMALA — Sura #7 (الأعراف)
2026-05-10 02:41:58,180  core.coordinate_exporter        INFO        Line 5: TEXT — 3 segment(s), 3 separator(s)
2026-05-10 02:41:58,180  core.coordinate_exporter        INFO          ✦ Aya 1 of الأعراف (Sura #7) — bbox: (2389, 1700, 1058, 283)
2026-05-10 02:41:58,180  core.coordinate_exporter        INFO          ✦ Aya 2 of الأعراف (Sura #7) — bbox: (1235, 1700, 1154, 283)
2026-05-10 02:41:58,180  core.coordinate_exporter        INFO          ✦ Aya 3 of الأعراف (Sura #7) — bbox: (242, 1700, 993, 283)
2026-05-10 02:41:58,180  core.coordinate_exporter        INFO        Line 6: TEXT — 3 segment(s), 2 separator(s)
2026-05-10 02:41:58,181  core.coordinate_exporter        INFO          ✦ Aya 4 of الأعراف (Sura #7) — bbox: (2033, 2049, 1406, 275)
2026-05-10 02:41:58,181  core.coordinate_exporter        INFO          ✦ Aya 5 of الأعراف (Sura #7) — bbox: (654, 2049, 1379, 275)
2026-05-10 02:41:58,181  core.coordinate_exporter        INFO          … Aya 6 of الأعراف (Sura #7) [continued] — bbox: (251, 2049, 403, 275)
2026-05-10 02:41:58,181  core.coordinate_exporter        INFO        Line 7: TEXT — 2 segment(s), 1 separator(s)
2026-05-10 02:41:58,181  core.coordinate_exporter        INFO          ✦ Aya 6 of الأعراف (Sura #7) — bbox: (982, 2387, 2457, 297)
2026-05-10 02:41:58,182  core.coordinate_exporter        INFO          … Aya 7 of الأعراف (Sura #7) [continued] — bbox: (251, 2387, 731, 297)
2026-05-10 02:41:58,182  core.coordinate_exporter        INFO        Line 8: TEXT — 3 segment(s), 2 separator(s)
2026-05-10 02:41:58,182  core.coordinate_exporter        INFO          ✦ Aya 7 of الأعراف (Sura #7) — bbox: (2410, 2776, 1012, 252)
2026-05-10 02:41:58,182  core.coordinate_exporter        INFO          ✦ Aya 8 of الأعراف (Sura #7) — bbox: (686, 2776, 1724, 252)
2026-05-10 02:41:58,182  core.coordinate_exporter        INFO          … Aya 9 of الأعراف (Sura #7) [continued] — bbox: (250, 2776, 436, 252)
2026-05-10 02:41:58,182  core.coordinate_exporter        INFO        Line 9: TEXT — 3 segment(s), 2 separator(s)
2026-05-10 02:41:58,183  core.coordinate_exporter        INFO          ✦ Aya 9 of الأعراف (Sura #7) — bbox: (2295, 3105, 1143, 263)
2026-05-10 02:41:58,183  core.coordinate_exporter        INFO          ✦ Aya 10 of الأعراف (Sura #7) — bbox: (600, 3105, 1695, 263)
2026-05-10 02:41:58,183  core.coordinate_exporter        INFO          … Aya 11 of الأعراف (Sura #7) [continued] — bbox: (250, 3105, 350, 263)
2026-05-10 02:41:58,183  core.coordinate_exporter        INFO        Line 10: TEXT — 3 segment(s), 3 separator(s)
2026-05-10 02:41:58,183  core.coordinate_exporter        INFO          ✦ Aya 11 of الأعراف (Sura #7) — bbox: (2674, 3458, 764, 269)
2026-05-10 02:41:58,184  core.coordinate_exporter        INFO          ✦ Aya 12 of الأعراف (Sura #7) — bbox: (1753, 3458, 921, 269)
2026-05-10 02:41:58,184  core.coordinate_exporter        INFO          ✦ Aya 13 of الأعراف (Sura #7) — bbox: (242, 3458, 1511, 269)
2026-05-10 02:41:58,184  core.coordinate_exporter        INFO        Line 11: TEXT — 3 segment(s), 2 separator(s)
2026-05-10 02:41:58,184  core.coordinate_exporter        INFO          ✦ Aya 14 of الأعراف (Sura #7) — bbox: (2270, 3808, 1168, 264)
2026-05-10 02:41:58,184  core.coordinate_exporter        INFO          ✦ Aya 15 of الأعراف (Sura #7) — bbox: (763, 3808, 1507, 264)
2026-05-10 02:41:58,185  core.coordinate_exporter        INFO          … Aya 16 of الأعراف (Sura #7) [continued] — bbox: (250, 3808, 513, 264)
2026-05-10 02:41:58,185  core.coordinate_exporter        INFO        Line 12: TEXT — 3 segment(s), 3 separator(s)
2026-05-10 02:41:58,185  core.coordinate_exporter        INFO          ✦ Aya 16 of الأعراف (Sura #7) — bbox: (2746, 4121, 691, 309)
2026-05-10 02:41:58,185  core.coordinate_exporter        INFO          ✦ Aya 17 of الأعراف (Sura #7) — bbox: (1497, 4121, 1249, 309)
2026-05-10 02:41:58,185  core.coordinate_exporter        INFO          ✦ Aya 18 of الأعراف (Sura #7) — bbox: (243, 4121, 1254, 309)
2026-05-10 02:41:58,186  core.coordinate_exporter        INFO        Line 13: TEXT — 3 segment(s), 2 separator(s)
2026-05-10 02:41:58,186  core.coordinate_exporter        INFO          ✦ Aya 19 of الأعراف (Sura #7) — bbox: (2137, 4489, 1300, 272)
2026-05-10 02:41:58,186  core.coordinate_exporter        INFO          ✦ Aya 20 of الأعراف (Sura #7) — bbox: (817, 4489, 1320, 272)
2026-05-10 02:41:58,186  core.coordinate_exporter        INFO          … Aya 21 of الأعراف (Sura #7) [continued] — bbox: (249, 4489, 568, 272)
2026-05-10 02:41:58,186  core.coordinate_exporter        INFO        Line 14: TEXT — 2 segment(s), 2 separator(s)
2026-05-10 02:41:58,187  core.coordinate_exporter        INFO          ✦ Aya 21 of الأعراف (Sura #7) — bbox: (1631, 4827, 1806, 295)
2026-05-10 02:41:58,187  core.coordinate_exporter        INFO          ✦ Aya 22 of الأعراف (Sura #7) — bbox: (241, 4827, 1390, 295)
2026-05-10 02:41:58,187  core.coordinate_exporter        INFO        Line 15: TEXT — 2 segment(s), 2 separator(s)
2026-05-10 02:41:58,187  core.coordinate_exporter        INFO          ✦ Aya 23 of الأعراف (Sura #7) — bbox: (1800, 5188, 1636, 282)
2026-05-10 02:41:58,187  core.coordinate_exporter        INFO          ✦ Aya 24 of الأعراف (Sura #7) — bbox: (241, 5188, 1559, 282)
2026-05-10 02:41:58,288  core.page_processor             INFO          Saved results\590-l01-s01-sura006-aya034.png
2026-05-10 02:41:58,297  core.page_processor             INFO          Saved results\590-l01-s02-sura006-aya035.png
2026-05-10 02:41:58,329  core.page_processor             INFO          Saved results\590-l02-s01-sura006-aya035.png
2026-05-10 02:41:58,392  core.page_processor             INFO          Saved results\590-l02-s02-sura006-aya036.png
2026-05-10 02:41:58,471  core.page_processor             INFO          Saved results\590-l03-sura007-header.png
2026-05-10 02:41:58,536  core.page_processor             INFO          Saved results\590-l04-sura007-basmala.png
2026-05-10 02:41:58,564  core.page_processor             INFO          Saved results\590-l05-s01-sura007-aya001.png
2026-05-10 02:41:58,602  core.page_processor             INFO          Saved results\590-l05-s02-sura007-aya002.png
2026-05-10 02:41:58,627  core.page_processor             INFO          Saved results\590-l05-s03-sura007-aya003.png
2026-05-10 02:41:58,670  core.page_processor             INFO          Saved results\590-l06-s01-sura007-aya004.png
2026-05-10 02:41:58,723  core.page_processor             INFO          Saved results\590-l06-s02-sura007-aya005.png
2026-05-10 02:41:58,747  core.page_processor             INFO          Saved results\590-l06-s03-sura007-aya006.png
2026-05-10 02:41:58,884  core.page_processor             INFO          Saved results\590-l07-s01-sura007-aya006.png
2026-05-10 02:41:58,928  core.page_processor             INFO          Saved results\590-l07-s02-sura007-aya007.png
2026-05-10 02:41:58,972  core.page_processor             INFO          Saved results\590-l08-s01-sura007-aya007.png
2026-05-10 02:41:59,039  core.page_processor             INFO          Saved results\590-l08-s02-sura007-aya008.png
2026-05-10 02:41:59,060  core.page_processor             INFO          Saved results\590-l08-s03-sura007-aya009.png
2026-05-10 02:41:59,103  core.page_processor             INFO          Saved results\590-l09-s01-sura007-aya009.png
2026-05-10 02:41:59,146  core.page_processor             INFO          Saved results\590-l09-s02-sura007-aya010.png
2026-05-10 02:41:59,154  core.page_processor             INFO          Saved results\590-l09-s03-sura007-aya011.png
2026-05-10 02:41:59,183  core.page_processor             INFO          Saved results\590-l10-s01-sura007-aya011.png
2026-05-10 02:41:59,208  core.page_processor             INFO          Saved results\590-l10-s02-sura007-aya012.png
2026-05-10 02:41:59,253  core.page_processor             INFO          Saved results\590-l10-s03-sura007-aya013.png
2026-05-10 02:41:59,280  core.page_processor             INFO          Saved results\590-l11-s01-sura007-aya014.png
2026-05-10 02:41:59,318  core.page_processor             INFO          Saved results\590-l11-s02-sura007-aya015.png
2026-05-10 02:41:59,333  core.page_processor             INFO          Saved results\590-l11-s03-sura007-aya016.png
2026-05-10 02:41:59,355  core.page_processor             INFO          Saved results\590-l12-s01-sura007-aya016.png
2026-05-10 02:41:59,405  core.page_processor             INFO          Saved results\590-l12-s02-sura007-aya017.png
2026-05-10 02:41:59,445  core.page_processor             INFO          Saved results\590-l12-s03-sura007-aya018.png
2026-05-10 02:41:59,490  core.page_processor             INFO          Saved results\590-l13-s01-sura007-aya019.png
2026-05-10 02:41:59,536  core.page_processor             INFO          Saved results\590-l13-s02-sura007-aya020.png
2026-05-10 02:41:59,558  core.page_processor             INFO          Saved results\590-l13-s03-sura007-aya021.png
2026-05-10 02:41:59,657  core.page_processor             INFO          Saved results\590-l14-s01-sura007-aya021.png
2026-05-10 02:41:59,715  core.page_processor             INFO          Saved results\590-l14-s02-sura007-aya022.png
2026-05-10 02:41:59,783  core.page_processor             INFO          Saved results\590-l15-s01-sura007-aya023.png
2026-05-10 02:41:59,883  core.page_processor             INFO          Saved results\590-l15-s02-sura007-aya024.png
2026-05-10 02:41:59,883  core.page_processor             INFO        Exported 36 image(s) for 590.png
2026-05-10 02:41:59,883  core.page_processor             INFO        Finished 590.png: detected=15 lines
2026-05-10 02:41:59,884  core.pipeline                   INFO      Processing 591.png
2026-05-10 02:42:00,051  core.page_processor             INFO      
2026-05-10 02:42:00,051  core.page_processor             INFO      ━━━━━━━━━━━━━━━━━━━━━━━━━━━━━━━━━━━━━━━━━━━━━━━━━━
2026-05-10 02:42:00,051  core.page_processor             INFO      📄 PAGE 9 — 591.png
2026-05-10 02:42:00,052  core.page_processor             INFO      ━━━━━━━━━━━━━━━━━━━━━━━━━━━━━━━━━━━━━━━━━━━━━━━━━━
2026-05-10 02:42:00,073  core.line_detector              INFO        Detected 15 lines
2026-05-10 02:42:00,141  core.classifier                 INFO        line 1: score=0.2927
2026-05-10 02:42:00,152  core.classifier                 INFO        line 2: score=0.9900 → SURA
2026-05-10 02:42:00,185  core.classifier                 INFO        line 3: score=0.2371
2026-05-10 02:42:00,252  core.classifier                 INFO        line 4: score=0.2684
2026-05-10 02:42:00,325  core.classifier                 INFO        line 5: score=0.2272
2026-05-10 02:42:00,410  core.classifier                 INFO        line 6: score=0.2713
2026-05-10 02:42:00,465  core.classifier                 INFO        line 7: score=0.2583
2026-05-10 02:42:00,516  core.classifier                 INFO        line 8: score=0.2913
2026-05-10 02:42:00,569  core.classifier                 INFO        line 9: score=0.2343
2026-05-10 02:42:00,611  core.classifier                 INFO        line 10: score=0.2656
2026-05-10 02:42:00,643  core.classifier                 INFO        line 11: score=0.2728
2026-05-10 02:42:00,670  core.classifier                 INFO        line 12: score=0.2789
2026-05-10 02:42:00,703  core.classifier                 INFO        line 13: score=0.2130
2026-05-10 02:42:00,734  core.classifier                 INFO        line 14: score=0.2482
2026-05-10 02:42:00,767  core.classifier                 INFO        line 15: score=0.2285
2026-05-10 02:42:01,455  core.aya_separator              INFO        Line 1: 1 segment(s), 1 separator(s)
2026-05-10 02:42:02,586  core.aya_separator              INFO        Line 4: 3 segment(s), 3 separator(s)
2026-05-10 02:42:03,403  core.aya_separator              INFO        Line 5: 3 segment(s), 2 separator(s)
2026-05-10 02:42:04,106  core.aya_separator              INFO        Line 6: 3 segment(s), 2 separator(s)
2026-05-10 02:42:05,009  core.aya_separator              INFO        Line 7: 2 segment(s), 1 separator(s)
2026-05-10 02:42:06,101  core.aya_separator              INFO        Line 8: 2 segment(s), 1 separator(s)
2026-05-10 02:42:07,732  core.aya_separator              INFO        Line 10: 2 segment(s), 1 separator(s)
2026-05-10 02:42:08,411  core.aya_separator              INFO        Line 11: 2 segment(s), 1 separator(s)
2026-05-10 02:42:09,237  core.aya_separator              INFO        Line 12: 3 segment(s), 3 separator(s)
2026-05-10 02:42:09,896  core.aya_separator              INFO        Line 13: 3 segment(s), 2 separator(s)
2026-05-10 02:42:10,759  core.aya_separator              INFO        Line 14: 4 segment(s), 3 separator(s)
2026-05-10 02:42:11,636  core.aya_separator              INFO        Line 15: 3 segment(s), 3 separator(s)
2026-05-10 02:42:11,636  core.coordinate_exporter        INFO        Line 1: TEXT — 1 segment(s), 1 separator(s)
2026-05-10 02:42:11,636  core.coordinate_exporter        INFO          ✦ Aya 25 of الأعراف (Sura #7) — bbox: (253, 283, 3213, 275)
2026-05-10 02:42:11,637  core.coordinate_exporter        INFO        Line 2: 📖 SURA HEADER — Starting Sura #8: الأنفال (Al-Anfal)
2026-05-10 02:42:11,637  core.coordinate_exporter        INFO          Total ayas in this sura: 75
2026-05-10 02:42:11,637  core.coordinate_exporter        INFO        Line 3: ﷽  BASMALA — Sura #8 (الأنفال)
2026-05-10 02:42:11,638  core.coordinate_exporter        INFO        Line 4: TEXT — 3 segment(s), 3 separator(s)
2026-05-10 02:42:11,638  core.coordinate_exporter        INFO          ✦ Aya 1 of الأنفال (Sura #8) — bbox: (2255, 1332, 1211, 288)
2026-05-10 02:42:11,638  core.coordinate_exporter        INFO          ✦ Aya 2 of الأنفال (Sura #8) — bbox: (1322, 1332, 933, 288)
2026-05-10 02:42:11,638  core.coordinate_exporter        INFO          ✦ Aya 3 of الأنفال (Sura #8) — bbox: (247, 1332, 1075, 288)
2026-05-10 02:42:11,639  core.coordinate_exporter        INFO        Line 5: TEXT — 3 segment(s), 2 separator(s)
2026-05-10 02:42:11,639  core.coordinate_exporter        INFO          ✦ Aya 4 of الأنفال (Sura #8) — bbox: (2040, 1677, 1426, 280)
2026-05-10 02:42:11,639  core.coordinate_exporter        INFO          ✦ Aya 5 of الأنفال (Sura #8) — bbox: (952, 1677, 1088, 280)
2026-05-10 02:42:11,640  core.coordinate_exporter        INFO          … Aya 6 of الأنفال (Sura #8) [continued] — bbox: (256, 1677, 696, 280)
2026-05-10 02:42:11,640  core.coordinate_exporter        INFO        Line 6: TEXT — 3 segment(s), 2 separator(s)
2026-05-10 02:42:11,640  core.coordinate_exporter        INFO          ✦ Aya 6 of الأنفال (Sura #8) — bbox: (2999, 2027, 467, 273)
2026-05-10 02:42:11,640  core.coordinate_exporter        INFO          ✦ Aya 7 of الأنفال (Sura #8) — bbox: (845, 2027, 2154, 273)
2026-05-10 02:42:11,641  core.coordinate_exporter        INFO          … Aya 8 of الأنفال (Sura #8) [continued] — bbox: (255, 2027, 590, 273)
2026-05-10 02:42:11,641  core.coordinate_exporter        INFO        Line 7: TEXT — 2 segment(s), 1 separator(s)
2026-05-10 02:42:11,644  core.coordinate_exporter        INFO          ✦ Aya 8 of الأنفال (Sura #8) — bbox: (1019, 2376, 2447, 272)
2026-05-10 02:42:11,645  core.coordinate_exporter        INFO          … Aya 9 of الأنفال (Sura #8) [continued] — bbox: (255, 2376, 764, 272)
2026-05-10 02:42:11,646  core.coordinate_exporter        INFO        Line 8: TEXT — 2 segment(s), 1 separator(s)
2026-05-10 02:42:11,647  core.coordinate_exporter        INFO          ✦ Aya 9 of الأنفال (Sura #8) — bbox: (813, 2724, 2654, 288)
2026-05-10 02:42:11,647  core.coordinate_exporter        INFO          … Aya 10 of الأنفال (Sura #8) [continued] — bbox: (256, 2724, 557, 288)
2026-05-10 02:42:11,647  core.coordinate_exporter        INFO        Line 9: TEXT — 1 segment(s), 0 separator(s)
2026-05-10 02:42:11,647  core.coordinate_exporter        INFO          … Aya 10 of الأنفال (Sura #8) [continued] — bbox: (256, 3072, 3211, 272)
2026-05-10 02:42:11,648  core.coordinate_exporter        INFO        Line 10: TEXT — 2 segment(s), 1 separator(s)
2026-05-10 02:42:11,648  core.coordinate_exporter        INFO          ✦ Aya 10 of الأنفال (Sura #8) — bbox: (2530, 3412, 937, 290)
2026-05-10 02:42:11,648  core.coordinate_exporter        INFO          … Aya 11 of الأنفال (Sura #8) [continued] — bbox: (256, 3412, 2274, 290)
2026-05-10 02:42:11,649  core.coordinate_exporter        INFO        Line 11: TEXT — 2 segment(s), 1 separator(s)
2026-05-10 02:42:11,649  core.coordinate_exporter        INFO          ✦ Aya 11 of الأنفال (Sura #8) — bbox: (779, 3770, 2688, 285)
2026-05-10 02:42:11,649  core.coordinate_exporter        INFO          … Aya 12 of الأنفال (Sura #8) [continued] — bbox: (256, 3770, 523, 285)
2026-05-10 02:42:11,649  core.coordinate_exporter        INFO        Line 12: TEXT — 3 segment(s), 3 separator(s)
2026-05-10 02:42:11,650  core.coordinate_exporter        INFO          ✦ Aya 12 of الأنفال (Sura #8) — bbox: (2610, 4120, 857, 281)
2026-05-10 02:42:11,650  core.coordinate_exporter        INFO          ✦ Aya 13 of الأنفال (Sura #8) — bbox: (1383, 4120, 1227, 281)
2026-05-10 02:42:11,650  core.coordinate_exporter        INFO          ✦ Aya 14 of الأنفال (Sura #8) — bbox: (250, 4120, 1133, 281)
2026-05-10 02:42:11,650  core.coordinate_exporter        INFO        Line 13: TEXT — 3 segment(s), 2 separator(s)
2026-05-10 02:42:11,651  core.coordinate_exporter        INFO          ✦ Aya 15 of الأنفال (Sura #8) — bbox: (2252, 4473, 1215, 268)
2026-05-10 02:42:11,651  core.coordinate_exporter        INFO          ✦ Aya 16 of الأنفال (Sura #8) — bbox: (1211, 4473, 1041, 268)
2026-05-10 02:42:11,651  core.coordinate_exporter        INFO          … Aya 17 of الأنفال (Sura #8) [continued] — bbox: (256, 4473, 955, 268)
2026-05-10 02:42:11,652  core.coordinate_exporter        INFO        Line 14: TEXT — 4 segment(s), 3 separator(s)
2026-05-10 02:42:11,652  core.coordinate_exporter        INFO          ✦ Aya 17 of الأنفال (Sura #8) — bbox: (2935, 4804, 532, 300)
2026-05-10 02:42:11,653  core.coordinate_exporter        INFO          ✦ Aya 18 of الأنفال (Sura #8) — bbox: (2067, 4804, 868, 300)
2026-05-10 02:42:11,653  core.coordinate_exporter        INFO          ✦ Aya 19 of الأنفال (Sura #8) — bbox: (543, 4804, 1524, 300)
2026-05-10 02:42:11,653  core.coordinate_exporter        INFO          … Aya 20 of الأنفال (Sura #8) [continued] — bbox: (256, 4804, 287, 300)
2026-05-10 02:42:11,653  core.coordinate_exporter        INFO        Line 15: TEXT — 3 segment(s), 3 separator(s)
2026-05-10 02:42:11,654  core.coordinate_exporter        INFO          ✦ Aya 20 of الأنفال (Sura #8) — bbox: (2386, 5159, 1081, 317)
2026-05-10 02:42:11,654  core.coordinate_exporter        INFO          ✦ Aya 21 of الأنفال (Sura #8) — bbox: (1270, 5159, 1116, 317)
2026-05-10 02:42:11,654  core.coordinate_exporter        INFO          ✦ Aya 22 of الأنفال (Sura #8) — bbox: (245, 5159, 1025, 317)
2026-05-10 02:42:11,781  core.page_processor             INFO          Saved results\591-l01-sura007-aya025.png
2026-05-10 02:42:11,904  core.page_processor             INFO          Saved results\591-l02-sura008-header.png
2026-05-10 02:42:11,994  core.page_processor             INFO          Saved results\591-l03-sura008-basmala.png
2026-05-10 02:42:12,030  core.page_processor             INFO          Saved results\591-l04-s01-sura008-aya001.png
2026-05-10 02:42:12,052  core.page_processor             INFO          Saved results\591-l04-s02-sura008-aya002.png
2026-05-10 02:42:12,090  core.page_processor             INFO          Saved results\591-l04-s03-sura008-aya003.png
2026-05-10 02:42:12,123  core.page_processor             INFO          Saved results\591-l05-s01-sura008-aya004.png
2026-05-10 02:42:12,149  core.page_processor             INFO          Saved results\591-l05-s02-sura008-aya005.png
2026-05-10 02:42:12,166  core.page_processor             INFO          Saved results\591-l05-s03-sura008-aya006.png
2026-05-10 02:42:12,181  core.page_processor             INFO          Saved results\591-l06-s01-sura008-aya006.png
2026-05-10 02:42:12,230  core.page_processor             INFO          Saved results\591-l06-s02-sura008-aya007.png
2026-05-10 02:42:12,248  core.page_processor             INFO          Saved results\591-l06-s03-sura008-aya008.png
2026-05-10 02:42:12,330  core.page_processor             INFO          Saved results\591-l07-s01-sura008-aya008.png
2026-05-10 02:42:12,353  core.page_processor             INFO          Saved results\591-l07-s02-sura008-aya009.png
2026-05-10 02:42:12,474  core.page_processor             INFO          Saved results\591-l08-s01-sura008-aya009.png
2026-05-10 02:42:12,504  core.page_processor             INFO          Saved results\591-l08-s02-sura008-aya010.png
2026-05-10 02:42:12,587  core.page_processor             INFO          Saved results\591-l09-sura008-aya010.png
2026-05-10 02:42:12,622  core.page_processor             INFO          Saved results\591-l10-s01-sura008-aya010.png
2026-05-10 02:42:12,682  core.page_processor             INFO          Saved results\591-l10-s02-sura008-aya011.png
2026-05-10 02:42:12,764  core.page_processor             INFO          Saved results\591-l11-s01-sura008-aya011.png
2026-05-10 02:42:12,803  core.page_processor             INFO          Saved results\591-l11-s02-sura008-aya012.png
2026-05-10 02:42:12,844  core.page_processor             INFO          Saved results\591-l12-s01-sura008-aya012.png
2026-05-10 02:42:12,890  core.page_processor             INFO          Saved results\591-l12-s02-sura008-aya013.png
2026-05-10 02:42:12,932  core.page_processor             INFO          Saved results\591-l12-s03-sura008-aya014.png
2026-05-10 02:42:13,020  core.page_processor             INFO          Saved results\591-l13-s01-sura008-aya015.png
2026-05-10 02:42:13,100  core.page_processor             INFO          Saved results\591-l13-s02-sura008-aya016.png
2026-05-10 02:42:13,134  core.page_processor             INFO          Saved results\591-l13-s03-sura008-aya017.png
2026-05-10 02:42:13,157  core.page_processor             INFO          Saved results\591-l14-s01-sura008-aya017.png
2026-05-10 02:42:13,200  core.page_processor             INFO          Saved results\591-l14-s02-sura008-aya018.png
2026-05-10 02:42:13,388  core.page_processor             INFO          Saved results\591-l14-s03-sura008-aya019.png
2026-05-10 02:42:13,404  core.page_processor             INFO          Saved results\591-l14-s04-sura008-aya020.png
2026-05-10 02:42:13,435  core.page_processor             INFO          Saved results\591-l15-s01-sura008-aya020.png
2026-05-10 02:42:13,466  core.page_processor             INFO          Saved results\591-l15-s02-sura008-aya021.png
2026-05-10 02:42:13,491  core.page_processor             INFO          Saved results\591-l15-s03-sura008-aya022.png
2026-05-10 02:42:13,492  core.page_processor             INFO        Exported 34 image(s) for 591.png
2026-05-10 02:42:13,492  core.page_processor             INFO        Finished 591.png: detected=15 lines
2026-05-10 02:42:13,493  core.pipeline                   INFO      Processing 592.png
2026-05-10 02:42:13,608  core.page_processor             INFO      
2026-05-10 02:42:13,609  core.page_processor             INFO      ━━━━━━━━━━━━━━━━━━━━━━━━━━━━━━━━━━━━━━━━━━━━━━━━━━
2026-05-10 02:42:13,609  core.page_processor             INFO      📄 PAGE 10 — 592.png
2026-05-10 02:42:13,609  core.page_processor             INFO      ━━━━━━━━━━━━━━━━━━━━━━━━━━━━━━━━━━━━━━━━━━━━━━━━━━
2026-05-10 02:42:13,623  core.line_detector              INFO        Detected 15 lines
2026-05-10 02:42:13,629  core.classifier                 INFO        line 1: score=0.9937 → SURA
2026-05-10 02:42:13,640  core.classifier                 INFO        line 2: score=0.2368
2026-05-10 02:42:13,679  core.classifier                 INFO        line 3: score=0.2138
2026-05-10 02:42:13,714  core.classifier                 INFO        line 4: score=0.2406
2026-05-10 02:42:13,751  core.classifier                 INFO        line 5: score=0.2533
2026-05-10 02:42:13,798  core.classifier                 INFO        line 6: score=0.2285
2026-05-10 02:42:13,842  core.classifier                 INFO        line 7: score=0.2333
2026-05-10 02:42:13,925  core.classifier                 INFO        line 8: score=0.2655
2026-05-10 02:42:13,987  core.classifier                 INFO        line 9: score=0.2371
2026-05-10 02:42:13,994  core.classifier                 INFO        line 10: score=0.9864 → SURA
2026-05-10 02:42:14,006  core.classifier                 INFO        line 11: score=0.2362
2026-05-10 02:42:14,045  core.classifier                 INFO        line 12: score=0.2552
2026-05-10 02:42:14,077  core.classifier                 INFO        line 13: score=0.2139
2026-05-10 02:42:14,105  core.classifier                 INFO        line 14: score=0.2203
2026-05-10 02:42:14,136  core.classifier                 INFO        line 15: score=0.2424
2026-05-10 02:42:15,276  core.aya_separator              INFO        Line 3: 3 segment(s), 3 separator(s)
2026-05-10 02:42:16,084  core.aya_separator              INFO        Line 4: 2 segment(s), 2 separator(s)
2026-05-10 02:42:16,737  core.aya_separator              INFO        Line 5: 3 segment(s), 2 separator(s)
2026-05-10 02:42:17,496  core.aya_separator              INFO        Line 6: 3 segment(s), 2 separator(s)
2026-05-10 02:42:18,263  core.aya_separator              INFO        Line 7: 3 segment(s), 3 separator(s)
2026-05-10 02:42:18,917  core.aya_separator              INFO        Line 8: 3 segment(s), 3 separator(s)
2026-05-10 02:42:19,759  core.aya_separator              INFO        Line 9: 2 segment(s), 2 separator(s)
2026-05-10 02:42:20,852  core.aya_separator              INFO        Line 12: 3 segment(s), 2 separator(s)
2026-05-10 02:42:21,578  core.aya_separator              INFO        Line 13: 3 segment(s), 3 separator(s)
2026-05-10 02:42:22,366  core.aya_separator              INFO        Line 14: 2 segment(s), 2 separator(s)
2026-05-10 02:42:23,022  core.aya_separator              INFO        Line 15: 3 segment(s), 3 separator(s)
2026-05-10 02:42:23,023  core.coordinate_exporter        INFO        Line 1: 📖 SURA HEADER — Starting Sura #9: التوبة (At-Tawbah)
2026-05-10 02:42:23,023  core.coordinate_exporter        INFO          Total ayas in this sura: 129
2026-05-10 02:42:23,023  core.coordinate_exporter        INFO        Line 2: ﷽  BASMALA — Sura #9 (التوبة)
2026-05-10 02:42:23,023  core.coordinate_exporter        INFO        Line 3: TEXT — 3 segment(s), 3 separator(s)
2026-05-10 02:42:23,024  core.coordinate_exporter        INFO          ✦ Aya 1 of التوبة (Sura #9) — bbox: (2388, 1001, 1050, 282)
2026-05-10 02:42:23,024  core.coordinate_exporter        INFO          ✦ Aya 2 of التوبة (Sura #9) — bbox: (1133, 1001, 1255, 282)
2026-05-10 02:42:23,024  core.coordinate_exporter        INFO          ✦ Aya 3 of التوبة (Sura #9) — bbox: (240, 1001, 893, 282)
2026-05-10 02:42:23,024  core.coordinate_exporter        INFO        Line 4: TEXT — 2 segment(s), 2 separator(s)
2026-05-10 02:42:23,024  core.coordinate_exporter        INFO          ✦ Aya 4 of التوبة (Sura #9) — bbox: (1665, 1349, 1773, 291)
2026-05-10 02:42:23,025  core.coordinate_exporter        INFO          ✦ Aya 5 of التوبة (Sura #9) — bbox: (243, 1349, 1422, 291)
2026-05-10 02:42:23,025  core.coordinate_exporter        INFO        Line 5: TEXT — 3 segment(s), 2 separator(s)
2026-05-10 02:42:23,025  core.coordinate_exporter        INFO          ✦ Aya 6 of التوبة (Sura #9) — bbox: (2311, 1712, 1127, 282)
2026-05-10 02:42:23,025  core.coordinate_exporter        INFO          ✦ Aya 7 of التوبة (Sura #9) — bbox: (516, 1712, 1795, 282)
2026-05-10 02:42:23,025  core.coordinate_exporter        INFO          … Aya 8 of التوبة (Sura #9) [continued] — bbox: (244, 1712, 272, 282)
2026-05-10 02:42:23,025  core.coordinate_exporter        INFO        Line 6: TEXT — 3 segment(s), 2 separator(s)
2026-05-10 02:42:23,026  core.coordinate_exporter        INFO          ✦ Aya 8 of التوبة (Sura #9) — bbox: (2320, 2051, 1119, 277)
2026-05-10 02:42:23,026  core.coordinate_exporter        INFO          ✦ Aya 9 of التوبة (Sura #9) — bbox: (1285, 2051, 1035, 277)
2026-05-10 02:42:23,026  core.coordinate_exporter        INFO          … Aya 10 of التوبة (Sura #9) [continued] — bbox: (244, 2051, 1041, 277)
2026-05-10 02:42:23,027  core.coordinate_exporter        INFO        Line 7: TEXT — 3 segment(s), 3 separator(s)
2026-05-10 02:42:23,027  core.coordinate_exporter        INFO          ✦ Aya 10 of التوبة (Sura #9) — bbox: (2902, 2392, 537, 287)
2026-05-10 02:42:23,027  core.coordinate_exporter        INFO          ✦ Aya 11 of التوبة (Sura #9) — bbox: (1682, 2392, 1220, 287)
2026-05-10 02:42:23,027  core.coordinate_exporter        INFO          ✦ Aya 12 of التوبة (Sura #9) — bbox: (243, 2392, 1439, 287)
2026-05-10 02:42:23,028  core.coordinate_exporter        INFO        Line 8: TEXT — 3 segment(s), 3 separator(s)
2026-05-10 02:42:23,028  core.coordinate_exporter        INFO          ✦ Aya 13 of التوبة (Sura #9) — bbox: (2449, 2736, 990, 281)
2026-05-10 02:42:23,028  core.coordinate_exporter        INFO          ✦ Aya 14 of التوبة (Sura #9) — bbox: (1458, 2736, 991, 281)
2026-05-10 02:42:23,028  core.coordinate_exporter        INFO          ✦ Aya 15 of التوبة (Sura #9) — bbox: (247, 2736, 1211, 281)
2026-05-10 02:42:23,028  core.coordinate_exporter        INFO        Line 9: TEXT — 2 segment(s), 2 separator(s)
2026-05-10 02:42:23,029  core.coordinate_exporter        INFO          ✦ Aya 16 of التوبة (Sura #9) — bbox: (2422, 3080, 1014, 299)
2026-05-10 02:42:23,029  core.coordinate_exporter        INFO          ✦ Aya 17 of التوبة (Sura #9) — bbox: (241, 3080, 2181, 299)
2026-05-10 02:42:23,029  core.coordinate_exporter        INFO        Line 10: 📖 SURA HEADER — Starting Sura #10: يونس (Yunus)
2026-05-10 02:42:23,029  core.coordinate_exporter        INFO          Total ayas in this sura: 109
2026-05-10 02:42:23,029  core.coordinate_exporter        INFO        Line 11: ﷽  BASMALA — Sura #10 (يونس)
2026-05-10 02:42:23,030  core.coordinate_exporter        INFO        Line 12: TEXT — 3 segment(s), 2 separator(s)
2026-05-10 02:42:23,030  core.coordinate_exporter        INFO          ✦ Aya 1 of يونس (Sura #10) — bbox: (2009, 4124, 1430, 289)
2026-05-10 02:42:23,030  core.coordinate_exporter        INFO          ✦ Aya 2 of يونس (Sura #10) — bbox: (859, 4124, 1150, 289)
2026-05-10 02:42:23,030  core.coordinate_exporter        INFO          … Aya 3 of يونس (Sura #10) [continued] — bbox: (244, 4124, 615, 289)
2026-05-10 02:42:23,031  core.coordinate_exporter        INFO        Line 13: TEXT — 3 segment(s), 3 separator(s)
2026-05-10 02:42:23,031  core.coordinate_exporter        INFO          ✦ Aya 3 of يونس (Sura #10) — bbox: (2866, 4478, 573, 298)
2026-05-10 02:42:23,031  core.coordinate_exporter        INFO          ✦ Aya 4 of يونس (Sura #10) — bbox: (1516, 4478, 1350, 298)
2026-05-10 02:42:23,031  core.coordinate_exporter        INFO          ✦ Aya 5 of يونس (Sura #10) — bbox: (242, 4478, 1274, 298)
2026-05-10 02:42:23,032  core.coordinate_exporter        INFO        Line 14: TEXT — 2 segment(s), 2 separator(s)
2026-05-10 02:42:23,032  core.coordinate_exporter        INFO          ✦ Aya 6 of يونس (Sura #10) — bbox: (2329, 4829, 1110, 275)
2026-05-10 02:42:23,032  core.coordinate_exporter        INFO          ✦ Aya 7 of يونس (Sura #10) — bbox: (242, 4829, 2087, 275)
2026-05-10 02:42:23,032  core.coordinate_exporter        INFO        Line 15: TEXT — 3 segment(s), 3 separator(s)
2026-05-10 02:42:23,032  core.coordinate_exporter        INFO          ✦ Aya 8 of يونس (Sura #10) — bbox: (2459, 5149, 982, 297)
2026-05-10 02:42:23,033  core.coordinate_exporter        INFO          ✦ Aya 9 of يونس (Sura #10) — bbox: (1218, 5149, 1241, 297)
2026-05-10 02:42:23,033  core.coordinate_exporter        INFO          ✦ Aya 10 of يونس (Sura #10) — bbox: (242, 5149, 976, 297)
2026-05-10 02:42:23,122  core.page_processor             INFO          Saved results\592-l01-sura009-header.png
2026-05-10 02:42:23,196  core.page_processor             INFO          Saved results\592-l02-sura009-basmala.png
2026-05-10 02:42:23,235  core.page_processor             INFO          Saved results\592-l03-s01-sura009-aya001.png
2026-05-10 02:42:23,286  core.page_processor             INFO          Saved results\592-l03-s02-sura009-aya002.png
2026-05-10 02:42:23,314  core.page_processor             INFO          Saved results\592-l03-s03-sura009-aya003.png
2026-05-10 02:42:23,399  core.page_processor             INFO          Saved results\592-l04-s01-sura009-aya004.png
2026-05-10 02:42:23,460  core.page_processor             INFO          Saved results\592-l04-s02-sura009-aya005.png
2026-05-10 02:42:23,508  core.page_processor             INFO          Saved results\592-l05-s01-sura009-aya006.png
2026-05-10 02:42:23,573  core.page_processor             INFO          Saved results\592-l05-s02-sura009-aya007.png
2026-05-10 02:42:23,589  core.page_processor             INFO          Saved results\592-l05-s03-sura009-aya008.png
2026-05-10 02:42:23,631  core.page_processor             INFO          Saved results\592-l06-s01-sura009-aya008.png
2026-05-10 02:42:23,669  core.page_processor             INFO          Saved results\592-l06-s02-sura009-aya009.png
2026-05-10 02:42:23,704  core.page_processor             INFO          Saved results\592-l06-s03-sura009-aya010.png
2026-05-10 02:42:23,724  core.page_processor             INFO          Saved results\592-l07-s01-sura009-aya010.png
2026-05-10 02:42:23,771  core.page_processor             INFO          Saved results\592-l07-s02-sura009-aya011.png
2026-05-10 02:42:23,810  core.page_processor             INFO          Saved results\592-l07-s03-sura009-aya012.png
2026-05-10 02:42:23,834  core.page_processor             INFO          Saved results\592-l08-s01-sura009-aya013.png
2026-05-10 02:42:23,856  core.page_processor             INFO          Saved results\592-l08-s02-sura009-aya014.png
2026-05-10 02:42:23,886  core.page_processor             INFO          Saved results\592-l08-s03-sura009-aya015.png
2026-05-10 02:42:23,920  core.page_processor             INFO          Saved results\592-l09-s01-sura009-aya016.png
2026-05-10 02:42:23,980  core.page_processor             INFO          Saved results\592-l09-s02-sura009-aya017.png
2026-05-10 02:42:24,047  core.page_processor             INFO          Saved results\592-l10-sura010-header.png
2026-05-10 02:42:24,124  core.page_processor             INFO          Saved results\592-l11-sura010-basmala.png
2026-05-10 02:42:24,161  core.page_processor             INFO          Saved results\592-l12-s01-sura010-aya001.png
2026-05-10 02:42:24,194  core.page_processor             INFO          Saved results\592-l12-s02-sura010-aya002.png
2026-05-10 02:42:24,231  core.page_processor             INFO          Saved results\592-l12-s03-sura010-aya003.png
2026-05-10 02:42:24,268  core.page_processor             INFO          Saved results\592-l13-s01-sura010-aya003.png
2026-05-10 02:42:24,336  core.page_processor             INFO          Saved results\592-l13-s02-sura010-aya004.png
2026-05-10 02:42:24,384  core.page_processor             INFO          Saved results\592-l13-s03-sura010-aya005.png
2026-05-10 02:42:24,437  core.page_processor             INFO          Saved results\592-l14-s01-sura010-aya006.png
2026-05-10 02:42:24,511  core.page_processor             INFO          Saved results\592-l14-s02-sura010-aya007.png
2026-05-10 02:42:24,550  core.page_processor             INFO          Saved results\592-l15-s01-sura010-aya008.png
2026-05-10 02:42:24,590  core.page_processor             INFO          Saved results\592-l15-s02-sura010-aya009.png
2026-05-10 02:42:24,640  core.page_processor             INFO          Saved results\592-l15-s03-sura010-aya010.png
2026-05-10 02:42:24,640  core.page_processor             INFO        Exported 34 image(s) for 592.png
2026-05-10 02:42:24,641  core.page_processor             INFO        Finished 592.png: detected=15 lines
2026-05-10 02:42:24,641  core.pipeline                   INFO      Processing 593.png
2026-05-10 02:42:24,877  core.page_processor             INFO      
2026-05-10 02:42:24,878  core.page_processor             INFO      ━━━━━━━━━━━━━━━━━━━━━━━━━━━━━━━━━━━━━━━━━━━━━━━━━━
2026-05-10 02:42:24,878  core.page_processor             INFO      📄 PAGE 11 — 593.png
2026-05-10 02:42:24,879  core.page_processor             INFO      ━━━━━━━━━━━━━━━━━━━━━━━━━━━━━━━━━━━━━━━━━━━━━━━━━━
2026-05-10 02:42:24,916  core.line_detector              INFO        Detected 15 lines
2026-05-10 02:42:24,990  core.classifier                 INFO        line 1: score=0.2459
2026-05-10 02:42:25,057  core.classifier                 INFO        line 2: score=0.2503
2026-05-10 02:42:25,105  core.classifier                 INFO        line 3: score=0.2511
2026-05-10 02:42:25,162  core.classifier                 INFO        line 4: score=0.2443
2026-05-10 02:42:25,180  core.classifier                 INFO        line 5: score=0.9247 → SURA
2026-05-10 02:42:25,204  core.classifier                 INFO        line 6: score=0.2368
2026-05-10 02:42:25,261  core.classifier                 INFO        line 7: score=0.2089
2026-05-10 02:42:25,320  core.classifier                 INFO        line 8: score=0.2620
2026-05-10 02:42:25,350  core.classifier                 INFO        line 9: score=0.2437
2026-05-10 02:42:25,380  core.classifier                 INFO        line 10: score=0.2263
2026-05-10 02:42:25,411  core.classifier                 INFO        line 11: score=0.2438
2026-05-10 02:42:25,513  core.classifier                 INFO        line 12: score=0.2426
2026-05-10 02:42:25,569  core.classifier                 INFO        line 13: score=0.2346
2026-05-10 02:42:25,613  core.classifier                 INFO        line 14: score=0.2181
2026-05-10 02:42:25,649  core.classifier                 INFO        line 15: score=0.2423
2026-05-10 02:42:26,578  core.aya_separator              INFO        Line 1: 3 segment(s), 2 separator(s)
2026-05-10 02:42:27,338  core.aya_separator              INFO        Line 2: 3 segment(s), 3 separator(s)
2026-05-10 02:42:28,133  core.aya_separator              INFO        Line 3: 3 segment(s), 2 separator(s)
2026-05-10 02:42:28,736  core.aya_separator              INFO        Line 4: 2 segment(s), 2 separator(s)
2026-05-10 02:42:29,876  core.aya_separator              INFO        Line 7: 3 segment(s), 2 separator(s)
2026-05-10 02:42:30,878  core.aya_separator              INFO        Line 8: 4 segment(s), 3 separator(s)
2026-05-10 02:42:31,836  core.aya_separator              INFO        Line 9: 3 segment(s), 2 separator(s)
2026-05-10 02:42:32,601  core.aya_separator              INFO        Line 10: 4 segment(s), 3 separator(s)
2026-05-10 02:42:33,477  core.aya_separator              INFO        Line 11: 4 segment(s), 3 separator(s)
2026-05-10 02:42:34,223  core.aya_separator              INFO        Line 12: 4 segment(s), 3 separator(s)
2026-05-10 02:42:34,958  core.aya_separator              INFO        Line 13: 3 segment(s), 2 separator(s)
2026-05-10 02:42:35,862  core.aya_separator              INFO        Line 14: 2 segment(s), 2 separator(s)
2026-05-10 02:42:36,588  core.aya_separator              INFO        Line 15: 2 segment(s), 2 separator(s)
2026-05-10 02:42:36,589  core.coordinate_exporter        INFO        Line 1: TEXT — 3 segment(s), 2 separator(s)
2026-05-10 02:42:36,589  core.coordinate_exporter        INFO          ✦ Aya 11 of يونس (Sura #10) — bbox: (2353, 271, 1107, 285)
2026-05-10 02:42:36,589  core.coordinate_exporter        INFO          ✦ Aya 12 of يونس (Sura #10) — bbox: (880, 271, 1473, 285)
2026-05-10 02:42:36,589  core.coordinate_exporter        INFO          … Aya 13 of يونس (Sura #10) [continued] — bbox: (260, 271, 620, 285)
2026-05-10 02:42:36,590  core.coordinate_exporter        INFO        Line 2: TEXT — 3 segment(s), 3 separator(s)
2026-05-10 02:42:36,590  core.coordinate_exporter        INFO          ✦ Aya 13 of يونس (Sura #10) — bbox: (2568, 624, 892, 294)
2026-05-10 02:42:36,590  core.coordinate_exporter        INFO          ✦ Aya 14 of يونس (Sura #10) — bbox: (1551, 624, 1017, 294)
2026-05-10 02:42:36,590  core.coordinate_exporter        INFO          ✦ Aya 15 of يونس (Sura #10) — bbox: (260, 624, 1291, 294)
2026-05-10 02:42:36,590  core.coordinate_exporter        INFO        Line 3: TEXT — 3 segment(s), 2 separator(s)
2026-05-10 02:42:36,591  core.coordinate_exporter        INFO          ✦ Aya 16 of يونس (Sura #10) — bbox: (1874, 970, 1586, 285)
2026-05-10 02:42:36,591  core.coordinate_exporter        INFO          ✦ Aya 17 of يونس (Sura #10) — bbox: (436, 970, 1438, 285)
2026-05-10 02:42:36,591  core.coordinate_exporter        INFO          … Aya 18 of يونس (Sura #10) [continued] — bbox: (260, 970, 176, 285)
2026-05-10 02:42:36,591  core.coordinate_exporter        INFO        Line 4: TEXT — 2 segment(s), 2 separator(s)
2026-05-10 02:42:36,592  core.coordinate_exporter        INFO          ✦ Aya 18 of يونس (Sura #10) — bbox: (1828, 1368, 1627, 236)
2026-05-10 02:42:36,592  core.coordinate_exporter        INFO          ✦ Aya 19 of يونس (Sura #10) — bbox: (256, 1368, 1572, 236)
2026-05-10 02:42:36,592  core.coordinate_exporter        INFO        Line 5: 📖 SURA HEADER — Starting Sura #11: هود (Hud)
2026-05-10 02:42:36,592  core.coordinate_exporter        INFO          Total ayas in this sura: 123
2026-05-10 02:42:36,593  core.coordinate_exporter        INFO        Line 6: ﷽  BASMALA — Sura #11 (هود)
2026-05-10 02:42:36,593  core.coordinate_exporter        INFO        Line 7: TEXT — 3 segment(s), 2 separator(s)
2026-05-10 02:42:36,593  core.coordinate_exporter        INFO          ✦ Aya 1 of هود (Sura #11) — bbox: (1923, 2378, 1537, 271)
2026-05-10 02:42:36,593  core.coordinate_exporter        INFO          ✦ Aya 2 of هود (Sura #11) — bbox: (623, 2378, 1300, 271)
2026-05-10 02:42:36,594  core.coordinate_exporter        INFO          … Aya 3 of هود (Sura #11) [continued] — bbox: (261, 2378, 362, 271)
2026-05-10 02:42:36,594  core.coordinate_exporter        INFO        Line 8: TEXT — 4 segment(s), 3 separator(s)
2026-05-10 02:42:36,594  core.coordinate_exporter        INFO          ✦ Aya 3 of هود (Sura #11) — bbox: (2880, 2724, 580, 287)
2026-05-10 02:42:36,594  core.coordinate_exporter        INFO          ✦ Aya 4 of هود (Sura #11) — bbox: (1835, 2724, 1045, 287)
2026-05-10 02:42:36,595  core.coordinate_exporter        INFO          ✦ Aya 5 of هود (Sura #11) — bbox: (582, 2724, 1253, 287)
2026-05-10 02:42:36,595  core.coordinate_exporter        INFO          … Aya 6 of هود (Sura #11) [continued] — bbox: (261, 2724, 321, 287)
2026-05-10 02:42:36,595  core.coordinate_exporter        INFO        Line 9: TEXT — 3 segment(s), 2 separator(s)
2026-05-10 02:42:36,596  core.coordinate_exporter        INFO          ✦ Aya 6 of هود (Sura #11) — bbox: (2063, 3082, 1397, 283)
2026-05-10 02:42:36,596  core.coordinate_exporter        INFO          ✦ Aya 7 of هود (Sura #11) — bbox: (611, 3082, 1452, 283)
2026-05-10 02:42:36,596  core.coordinate_exporter        INFO          … Aya 8 of هود (Sura #11) [continued] — bbox: (261, 3082, 350, 283)
2026-05-10 02:42:36,596  core.coordinate_exporter        INFO        Line 10: TEXT — 4 segment(s), 3 separator(s)
2026-05-10 02:42:36,597  core.coordinate_exporter        INFO          ✦ Aya 8 of هود (Sura #11) — bbox: (2546, 3423, 914, 287)
2026-05-10 02:42:36,597  core.coordinate_exporter        INFO          ✦ Aya 9 of هود (Sura #11) — bbox: (1597, 3423, 949, 287)
2026-05-10 02:42:36,597  core.coordinate_exporter        INFO          ✦ Aya 10 of هود (Sura #11) — bbox: (707, 3423, 890, 287)
2026-05-10 02:42:36,598  core.coordinate_exporter        INFO          … Aya 11 of هود (Sura #11) [continued] — bbox: (261, 3423, 446, 287)
2026-05-10 02:42:36,598  core.coordinate_exporter        INFO        Line 11: TEXT — 4 segment(s), 3 separator(s)
2026-05-10 02:42:36,598  core.coordinate_exporter        INFO          ✦ Aya 11 of هود (Sura #11) — bbox: (2807, 3773, 653, 280)
2026-05-10 02:42:36,598  core.coordinate_exporter        INFO          ✦ Aya 12 of هود (Sura #11) — bbox: (1853, 3773, 954, 280)
2026-05-10 02:42:36,599  core.coordinate_exporter        INFO          ✦ Aya 13 of هود (Sura #11) — bbox: (792, 3773, 1061, 280)
2026-05-10 02:42:36,599  core.coordinate_exporter        INFO          … Aya 14 of هود (Sura #11) [continued] — bbox: (261, 3773, 531, 280)
2026-05-10 02:42:36,599  core.coordinate_exporter        INFO        Line 12: TEXT — 4 segment(s), 3 separator(s)
2026-05-10 02:42:36,599  core.coordinate_exporter        INFO          ✦ Aya 14 of هود (Sura #11) — bbox: (2810, 4118, 651, 275)
2026-05-10 02:42:36,600  core.coordinate_exporter        INFO          ✦ Aya 15 of هود (Sura #11) — bbox: (1775, 4118, 1035, 275)
2026-05-10 02:42:36,600  core.coordinate_exporter        INFO          ✦ Aya 16 of هود (Sura #11) — bbox: (879, 4118, 896, 275)
2026-05-10 02:42:36,600  core.coordinate_exporter        INFO          … Aya 17 of هود (Sura #11) [continued] — bbox: (261, 4118, 618, 275)
2026-05-10 02:42:36,601  core.coordinate_exporter        INFO        Line 13: TEXT — 3 segment(s), 2 separator(s)
2026-05-10 02:42:36,601  core.coordinate_exporter        INFO          ✦ Aya 17 of هود (Sura #11) — bbox: (2161, 4459, 1300, 292)
2026-05-10 02:42:36,601  core.coordinate_exporter        INFO          ✦ Aya 18 of هود (Sura #11) — bbox: (510, 4459, 1651, 292)
2026-05-10 02:42:36,602  core.coordinate_exporter        INFO          … Aya 19 of هود (Sura #11) [continued] — bbox: (261, 4459, 249, 292)
2026-05-10 02:42:36,602  core.coordinate_exporter        INFO        Line 14: TEXT — 2 segment(s), 2 separator(s)
2026-05-10 02:42:36,602  core.coordinate_exporter        INFO          ✦ Aya 19 of هود (Sura #11) — bbox: (2204, 4799, 1257, 286)
2026-05-10 02:42:36,602  core.coordinate_exporter        INFO          ✦ Aya 20 of هود (Sura #11) — bbox: (255, 4799, 1949, 286)
2026-05-10 02:42:36,603  core.coordinate_exporter        INFO        Line 15: TEXT — 2 segment(s), 2 separator(s)
2026-05-10 02:42:36,603  core.coordinate_exporter        INFO          ✦ Aya 21 of هود (Sura #11) — bbox: (1826, 5162, 1635, 290)
2026-05-10 02:42:36,603  core.coordinate_exporter        INFO          ✦ Aya 22 of هود (Sura #11) — bbox: (253, 5162, 1573, 290)
2026-05-10 02:42:36,640  core.page_processor             INFO          Saved results\593-l01-s01-sura010-aya011.png
2026-05-10 02:42:36,687  core.page_processor             INFO          Saved results\593-l01-s02-sura010-aya012.png
2026-05-10 02:42:36,717  core.page_processor             INFO          Saved results\593-l01-s03-sura010-aya013.png
2026-05-10 02:42:36,768  core.page_processor             INFO          Saved results\593-l02-s01-sura010-aya013.png
2026-05-10 02:42:36,815  core.page_processor             INFO          Saved results\593-l02-s02-sura010-aya014.png
2026-05-10 02:42:36,867  core.page_processor             INFO          Saved results\593-l02-s03-sura010-aya015.png
2026-05-10 02:42:36,938  core.page_processor             INFO          Saved results\593-l03-s01-sura010-aya016.png
2026-05-10 02:42:37,001  core.page_processor             INFO          Saved results\593-l03-s02-sura010-aya017.png
2026-05-10 02:42:37,007  core.page_processor             INFO          Saved results\593-l03-s03-sura010-aya018.png
2026-05-10 02:42:37,055  core.page_processor             INFO          Saved results\593-l04-s01-sura010-aya018.png
2026-05-10 02:42:37,093  core.page_processor             INFO          Saved results\593-l04-s02-sura010-aya019.png
2026-05-10 02:42:37,172  core.page_processor             INFO          Saved results\593-l05-sura011-header.png
2026-05-10 02:42:37,244  core.page_processor             INFO          Saved results\593-l06-sura011-basmala.png
2026-05-10 02:42:37,283  core.page_processor             INFO          Saved results\593-l07-s01-sura011-aya001.png
2026-05-10 02:42:37,313  core.page_processor             INFO          Saved results\593-l07-s02-sura011-aya002.png
2026-05-10 02:42:37,321  core.page_processor             INFO          Saved results\593-l07-s03-sura011-aya003.png
2026-05-10 02:42:37,336  core.page_processor             INFO          Saved results\593-l08-s01-sura011-aya003.png
2026-05-10 02:42:37,360  core.page_processor             INFO          Saved results\593-l08-s02-sura011-aya004.png
2026-05-10 02:42:37,388  core.page_processor             INFO          Saved results\593-l08-s03-sura011-aya005.png
2026-05-10 02:42:37,397  core.page_processor             INFO          Saved results\593-l08-s04-sura011-aya006.png
2026-05-10 02:42:37,430  core.page_processor             INFO          Saved results\593-l09-s01-sura011-aya006.png
2026-05-10 02:42:37,465  core.page_processor             INFO          Saved results\593-l09-s02-sura011-aya007.png
2026-05-10 02:42:37,474  core.page_processor             INFO          Saved results\593-l09-s03-sura011-aya008.png
2026-05-10 02:42:37,499  core.page_processor             INFO          Saved results\593-l10-s01-sura011-aya008.png
2026-05-10 02:42:37,523  core.page_processor             INFO          Saved results\593-l10-s02-sura011-aya009.png
2026-05-10 02:42:37,558  core.page_processor             INFO          Saved results\593-l10-s03-sura011-aya010.png
2026-05-10 02:42:37,574  core.page_processor             INFO          Saved results\593-l10-s04-sura011-aya011.png
2026-05-10 02:42:37,607  core.page_processor             INFO          Saved results\593-l11-s01-sura011-aya011.png
2026-05-10 02:42:37,642  core.page_processor             INFO          Saved results\593-l11-s02-sura011-aya012.png
2026-05-10 02:42:37,691  core.page_processor             INFO          Saved results\593-l11-s03-sura011-aya013.png
2026-05-10 02:42:37,710  core.page_processor             INFO          Saved results\593-l11-s04-sura011-aya014.png
2026-05-10 02:42:37,736  core.page_processor             INFO          Saved results\593-l12-s01-sura011-aya014.png
2026-05-10 02:42:37,772  core.page_processor             INFO          Saved results\593-l12-s02-sura011-aya015.png
2026-05-10 02:42:37,795  core.page_processor             INFO          Saved results\593-l12-s03-sura011-aya016.png
2026-05-10 02:42:37,811  core.page_processor             INFO          Saved results\593-l12-s04-sura011-aya017.png
2026-05-10 02:42:37,866  core.page_processor             INFO          Saved results\593-l13-s01-sura011-aya017.png
2026-05-10 02:42:37,921  core.page_processor             INFO          Saved results\593-l13-s02-sura011-aya018.png
2026-05-10 02:42:37,936  core.page_processor             INFO          Saved results\593-l13-s03-sura011-aya019.png
2026-05-10 02:42:37,984  core.page_processor             INFO          Saved results\593-l14-s01-sura011-aya019.png
2026-05-10 02:42:38,065  core.page_processor             INFO          Saved results\593-l14-s02-sura011-aya020.png
2026-05-10 02:42:38,135  core.page_processor             INFO          Saved results\593-l15-s01-sura011-aya021.png
2026-05-10 02:42:38,205  core.page_processor             INFO          Saved results\593-l15-s02-sura011-aya022.png
2026-05-10 02:42:38,208  core.page_processor             INFO        Exported 42 image(s) for 593.png
2026-05-10 02:42:38,209  core.page_processor             INFO        Finished 593.png: detected=15 lines
2026-05-10 02:42:38,209  core.pipeline                   INFO      Processing 594.png
2026-05-10 02:42:38,433  core.page_processor             INFO      
2026-05-10 02:42:38,434  core.page_processor             INFO      ━━━━━━━━━━━━━━━━━━━━━━━━━━━━━━━━━━━━━━━━━━━━━━━━━━
2026-05-10 02:42:38,435  core.page_processor             INFO      📄 PAGE 12 — 594.png
2026-05-10 02:42:38,435  core.page_processor             INFO      ━━━━━━━━━━━━━━━━━━━━━━━━━━━━━━━━━━━━━━━━━━━━━━━━━━
2026-05-10 02:42:38,466  core.line_detector              INFO        Detected 15 lines
2026-05-10 02:42:38,512  core.classifier                 INFO        line 1: score=0.1977
2026-05-10 02:42:38,536  core.classifier                 INFO        line 2: score=0.2008
2026-05-10 02:42:38,537  core.page_processor             WARNING     Classification failed, skipping: OpenCV(4.13.0) D:\a\opencv-python\opencv-python\opencv\modules\imgproc\src\templmatch.cpp:1179: error: (-215:Assertion failed) _img.size().height <= _templ.size().height && _img.size().width <= _templ.size().width in function 'cv::matchTemplate'

2026-05-10 02:42:39,308  core.aya_separator              INFO        Line 1: 2 segment(s), 2 separator(s)
2026-05-10 02:42:39,938  core.aya_separator              INFO        Line 2: 2 segment(s), 2 separator(s)
2026-05-10 02:42:40,000  core.aya_separator              INFO        Line 3: 2 segment(s), 1 separator(s)
2026-05-10 02:42:41,333  core.aya_separator              INFO        Line 5: 4 segment(s), 4 separator(s)
2026-05-10 02:42:41,974  core.aya_separator              INFO        Line 6: 2 segment(s), 2 separator(s)
2026-05-10 02:42:42,726  core.aya_separator              INFO        Line 7: 3 segment(s), 2 separator(s)
2026-05-10 02:42:43,521  core.aya_separator              INFO        Line 8: 3 segment(s), 2 separator(s)
2026-05-10 02:42:44,188  core.aya_separator              INFO        Line 9: 3 segment(s), 2 separator(s)
2026-05-10 02:42:45,081  core.aya_separator              INFO        Line 10: 3 segment(s), 2 separator(s)
2026-05-10 02:42:45,734  core.aya_separator              INFO        Line 11: 2 segment(s), 1 separator(s)
2026-05-10 02:42:46,664  core.aya_separator              INFO        Line 12: 2 segment(s), 1 separator(s)
2026-05-10 02:42:47,730  core.aya_separator              INFO        Line 13: 3 segment(s), 2 separator(s)
2026-05-10 02:42:48,481  core.aya_separator              INFO        Line 14: 3 segment(s), 2 separator(s)
2026-05-10 02:42:49,235  core.aya_separator              INFO        Line 15: 2 segment(s), 2 separator(s)
2026-05-10 02:42:49,236  core.coordinate_exporter        INFO        Line 1: TEXT — 2 segment(s), 2 separator(s)
2026-05-10 02:42:49,236  core.coordinate_exporter        INFO          ✦ Aya 23 of هود (Sura #11) — bbox: (2151, 314, 1283, 269)
2026-05-10 02:42:49,236  core.coordinate_exporter        INFO          ✦ Aya 24 of هود (Sura #11) — bbox: (237, 314, 1914, 269)
2026-05-10 02:42:49,236  core.coordinate_exporter        INFO        Line 2: TEXT — 2 segment(s), 2 separator(s)
2026-05-10 02:42:49,236  core.coordinate_exporter        INFO          ✦ Aya 25 of هود (Sura #11) — bbox: (1978, 677, 1164, 261)
2026-05-10 02:42:49,236  core.coordinate_exporter        INFO          ✦ Aya 26 of هود (Sura #11) — bbox: (508, 677, 1470, 261)
2026-05-10 02:42:49,237  core.coordinate_exporter        INFO        Line 3: TEXT — 2 segment(s), 1 separator(s)
2026-05-10 02:42:49,237  core.coordinate_exporter        INFO          ✦ Aya 27 of هود (Sura #11) — bbox: (1689, 1122, 478, 141)
2026-05-10 02:42:49,237  core.coordinate_exporter        INFO          … Aya 28 of هود (Sura #11) [continued] — bbox: (1517, 1122, 172, 141)
2026-05-10 02:42:49,237  core.coordinate_exporter        INFO        Line 4: TEXT — 1 segment(s), 0 separator(s)
2026-05-10 02:42:49,237  core.coordinate_exporter        INFO          … Aya 28 of هود (Sura #11) [continued] — bbox: (930, 1404, 1824, 228)
2026-05-10 02:42:49,237  core.coordinate_exporter        INFO        Line 5: TEXT — 4 segment(s), 4 separator(s)
2026-05-10 02:42:49,238  core.coordinate_exporter        INFO          ✦ Aya 28 of هود (Sura #11) — bbox: (2851, 1703, 587, 326)
2026-05-10 02:42:49,238  core.coordinate_exporter        INFO          ✦ Aya 29 of هود (Sura #11) — bbox: (2076, 1703, 775, 326)
2026-05-10 02:42:49,238  core.coordinate_exporter        INFO          ✦ Aya 30 of هود (Sura #11) — bbox: (1149, 1703, 927, 326)
2026-05-10 02:42:49,238  core.coordinate_exporter        INFO          ✦ Aya 31 of هود (Sura #11) — bbox: (238, 1703, 911, 326)
2026-05-10 02:42:49,238  core.coordinate_exporter        INFO        Line 6: TEXT — 2 segment(s), 2 separator(s)
2026-05-10 02:42:49,238  core.coordinate_exporter        INFO          ✦ Aya 32 of هود (Sura #11) — bbox: (1736, 2064, 1698, 276)
2026-05-10 02:42:49,238  core.coordinate_exporter        INFO          ✦ Aya 33 of هود (Sura #11) — bbox: (239, 2064, 1497, 276)
2026-05-10 02:42:49,239  core.coordinate_exporter        INFO        Line 7: TEXT — 3 segment(s), 2 separator(s)
2026-05-10 02:42:49,239  core.coordinate_exporter        INFO          ✦ Aya 34 of هود (Sura #11) — bbox: (2413, 2417, 1021, 283)
2026-05-10 02:42:49,239  core.coordinate_exporter        INFO          ✦ Aya 35 of هود (Sura #11) — bbox: (843, 2417, 1570, 283)
2026-05-10 02:42:49,239  core.coordinate_exporter        INFO          … Aya 36 of هود (Sura #11) [continued] — bbox: (247, 2417, 596, 283)
2026-05-10 02:42:49,239  core.coordinate_exporter        INFO        Line 8: TEXT — 3 segment(s), 2 separator(s)
2026-05-10 02:42:49,239  core.coordinate_exporter        INFO          ✦ Aya 36 of هود (Sura #11) — bbox: (2249, 2745, 1185, 290)
2026-05-10 02:42:49,240  core.coordinate_exporter        INFO          ✦ Aya 37 of هود (Sura #11) — bbox: (992, 2745, 1257, 290)
2026-05-10 02:42:49,240  core.coordinate_exporter        INFO          … Aya 38 of هود (Sura #11) [continued] — bbox: (247, 2745, 745, 290)
2026-05-10 02:42:49,240  core.coordinate_exporter        INFO        Line 9: TEXT — 3 segment(s), 2 separator(s)
2026-05-10 02:42:49,240  core.coordinate_exporter        INFO          ✦ Aya 38 of هود (Sura #11) — bbox: (2935, 3110, 500, 274)
2026-05-10 02:42:49,240  core.coordinate_exporter        INFO          ✦ Aya 39 of هود (Sura #11) — bbox: (1507, 3110, 1428, 274)
2026-05-10 02:42:49,240  core.coordinate_exporter        INFO          … Aya 40 of هود (Sura #11) [continued] — bbox: (247, 3110, 1260, 274)
2026-05-10 02:42:49,240  core.coordinate_exporter        INFO        Line 10: TEXT — 3 segment(s), 2 separator(s)
2026-05-10 02:42:49,241  core.coordinate_exporter        INFO          ✦ Aya 40 of هود (Sura #11) — bbox: (2900, 3458, 535, 287)
2026-05-10 02:42:49,241  core.coordinate_exporter        INFO          ✦ Aya 41 of هود (Sura #11) — bbox: (1686, 3458, 1214, 287)
2026-05-10 02:42:49,241  core.coordinate_exporter        INFO          … Aya 42 of هود (Sura #11) [continued] — bbox: (247, 3458, 1439, 287)
2026-05-10 02:42:49,241  core.coordinate_exporter        INFO        Line 11: TEXT — 2 segment(s), 1 separator(s)
2026-05-10 02:42:49,241  core.coordinate_exporter        INFO          ✦ Aya 42 of هود (Sura #11) — bbox: (1068, 3808, 2371, 270)
2026-05-10 02:42:49,242  core.coordinate_exporter        INFO          … Aya 43 of هود (Sura #11) [continued] — bbox: (247, 3808, 821, 270)
2026-05-10 02:42:49,242  core.coordinate_exporter        INFO        Line 12: TEXT — 2 segment(s), 1 separator(s)
2026-05-10 02:42:49,242  core.coordinate_exporter        INFO          ✦ Aya 43 of هود (Sura #11) — bbox: (1411, 4144, 2024, 302)
2026-05-10 02:42:49,242  core.coordinate_exporter        INFO          … Aya 44 of هود (Sura #11) [continued] — bbox: (248, 4144, 1163, 302)
2026-05-10 02:42:49,243  core.coordinate_exporter        INFO        Line 13: TEXT — 3 segment(s), 2 separator(s)
2026-05-10 02:42:49,243  core.coordinate_exporter        INFO          ✦ Aya 44 of هود (Sura #11) — bbox: (2833, 4507, 602, 276)
2026-05-10 02:42:49,243  core.coordinate_exporter        INFO          ✦ Aya 45 of هود (Sura #11) — bbox: (843, 4507, 1990, 276)
2026-05-10 02:42:49,244  core.coordinate_exporter        INFO          … Aya 46 of هود (Sura #11) [continued] — bbox: (247, 4507, 596, 276)
2026-05-10 02:42:49,244  core.coordinate_exporter        INFO        Line 14: TEXT — 3 segment(s), 2 separator(s)
2026-05-10 02:42:49,244  core.coordinate_exporter        INFO          ✦ Aya 46 of هود (Sura #11) — bbox: (2193, 4826, 1242, 303)
2026-05-10 02:42:49,245  core.coordinate_exporter        INFO          ✦ Aya 47 of هود (Sura #11) — bbox: (631, 4826, 1562, 303)
2026-05-10 02:42:49,245  core.coordinate_exporter        INFO          … Aya 48 of هود (Sura #11) [continued] — bbox: (248, 4826, 383, 303)
2026-05-10 02:42:49,245  core.coordinate_exporter        INFO        Line 15: TEXT — 2 segment(s), 2 separator(s)
2026-05-10 02:42:49,246  core.coordinate_exporter        INFO          ✦ Aya 48 of هود (Sura #11) — bbox: (1990, 5190, 1446, 280)
2026-05-10 02:42:49,246  core.coordinate_exporter        INFO          ✦ Aya 49 of هود (Sura #11) — bbox: (237, 5190, 1753, 280)
2026-05-10 02:42:49,276  core.page_processor             INFO          Saved results\594-l01-s01-sura011-aya023.png
2026-05-10 02:42:49,318  core.page_processor             INFO          Saved results\594-l01-s02-sura011-aya024.png
2026-05-10 02:42:49,345  core.page_processor             INFO          Saved results\594-l02-s01-sura011-aya025.png
2026-05-10 02:42:49,374  core.page_processor             INFO          Saved results\594-l02-s02-sura011-aya026.png
2026-05-10 02:42:49,382  core.page_processor             INFO          Saved results\594-l03-s01-sura011-aya027.png
2026-05-10 02:42:49,386  core.page_processor             INFO          Saved results\594-l03-s02-sura011-aya028.png
2026-05-10 02:42:49,419  core.page_processor             INFO          Saved results\594-l04-sura011-aya028.png
2026-05-10 02:42:49,436  core.page_processor             INFO          Saved results\594-l05-s01-sura011-aya028.png
2026-05-10 02:42:49,460  core.page_processor             INFO          Saved results\594-l05-s02-sura011-aya029.png
2026-05-10 02:42:49,503  core.page_processor             INFO          Saved results\594-l05-s03-sura011-aya030.png
2026-05-10 02:42:49,545  core.page_processor             INFO          Saved results\594-l05-s04-sura011-aya031.png
2026-05-10 02:42:49,587  core.page_processor             INFO          Saved results\594-l06-s01-sura011-aya032.png
2026-05-10 02:42:49,631  core.page_processor             INFO          Saved results\594-l06-s02-sura011-aya033.png
2026-05-10 02:42:49,671  core.page_processor             INFO          Saved results\594-l07-s01-sura011-aya034.png
2026-05-10 02:42:49,728  core.page_processor             INFO          Saved results\594-l07-s02-sura011-aya035.png
2026-05-10 02:42:49,745  core.page_processor             INFO          Saved results\594-l07-s03-sura011-aya036.png
2026-05-10 02:42:49,777  core.page_processor             INFO          Saved results\594-l08-s01-sura011-aya036.png
2026-05-10 02:42:49,819  core.page_processor             INFO          Saved results\594-l08-s02-sura011-aya037.png
2026-05-10 02:42:49,844  core.page_processor             INFO          Saved results\594-l08-s03-sura011-aya038.png
2026-05-10 02:42:49,869  core.page_processor             INFO          Saved results\594-l09-s01-sura011-aya038.png
2026-05-10 02:42:49,907  core.page_processor             INFO          Saved results\594-l09-s02-sura011-aya039.png
2026-05-10 02:42:49,948  core.page_processor             INFO          Saved results\594-l09-s03-sura011-aya040.png
2026-05-10 02:42:49,964  core.page_processor             INFO          Saved results\594-l10-s01-sura011-aya040.png
2026-05-10 02:42:49,999  core.page_processor             INFO          Saved results\594-l10-s02-sura011-aya041.png
2026-05-10 02:42:50,057  core.page_processor             INFO          Saved results\594-l10-s03-sura011-aya042.png
2026-05-10 02:42:50,143  core.page_processor             INFO          Saved results\594-l11-s01-sura011-aya042.png
2026-05-10 02:42:50,179  core.page_processor             INFO          Saved results\594-l11-s02-sura011-aya043.png
2026-05-10 02:42:50,260  core.page_processor             INFO          Saved results\594-l12-s01-sura011-aya043.png
2026-05-10 02:42:50,327  core.page_processor             INFO          Saved results\594-l12-s02-sura011-aya044.png
2026-05-10 02:42:50,353  core.page_processor             INFO          Saved results\594-l13-s01-sura011-aya044.png
2026-05-10 02:42:50,428  core.page_processor             INFO          Saved results\594-l13-s02-sura011-aya045.png
2026-05-10 02:42:50,458  core.page_processor             INFO          Saved results\594-l13-s03-sura011-aya046.png
2026-05-10 02:42:50,497  core.page_processor             INFO          Saved results\594-l14-s01-sura011-aya046.png
2026-05-10 02:42:50,536  core.page_processor             INFO          Saved results\594-l14-s02-sura011-aya047.png
2026-05-10 02:42:50,549  core.page_processor             INFO          Saved results\594-l14-s03-sura011-aya048.png
2026-05-10 02:42:50,582  core.page_processor             INFO          Saved results\594-l15-s01-sura011-aya048.png
2026-05-10 02:42:50,620  core.page_processor             INFO          Saved results\594-l15-s02-sura011-aya049.png
2026-05-10 02:42:50,621  core.page_processor             INFO        Exported 37 image(s) for 594.png
2026-05-10 02:42:50,621  core.page_processor             INFO        Finished 594.png: detected=15 lines
2026-05-10 02:42:50,621  core.pipeline                   INFO      Processing 595.png
2026-05-10 02:42:50,742  core.page_processor             INFO      
2026-05-10 02:42:50,743  core.page_processor             INFO      ━━━━━━━━━━━━━━━━━━━━━━━━━━━━━━━━━━━━━━━━━━━━━━━━━━
2026-05-10 02:42:50,743  core.page_processor             INFO      📄 PAGE 13 — 595.png
2026-05-10 02:42:50,743  core.page_processor             INFO      ━━━━━━━━━━━━━━━━━━━━━━━━━━━━━━━━━━━━━━━━━━━━━━━━━━
2026-05-10 02:42:50,778  core.line_detector              INFO        Detected 15 lines
2026-05-10 02:42:50,926  core.classifier                 INFO        line 1: score=0.2475
2026-05-10 02:42:50,982  core.classifier                 INFO        line 2: score=0.3055
2026-05-10 02:42:51,037  core.classifier                 INFO        line 3: score=0.2289
2026-05-10 02:42:51,093  core.classifier                 INFO        line 4: score=0.2337
2026-05-10 02:42:51,130  core.classifier                 INFO        line 5: score=0.2280
2026-05-10 02:42:51,133  core.page_processor             WARNING     Classification failed, skipping: OpenCV(4.13.0) D:\a\opencv-python\opencv-python\opencv\modules\imgproc\src\templmatch.cpp:1179: error: (-215:Assertion failed) _img.size().height <= _templ.size().height && _img.size().width <= _templ.size().width in function 'cv::matchTemplate'

2026-05-10 02:42:52,858  core.aya_separator              INFO        Line 2: 3 segment(s), 2 separator(s)
2026-05-10 02:42:53,510  core.aya_separator              INFO        Line 3: 3 segment(s), 2 separator(s)
2026-05-10 02:42:54,213  core.aya_separator              INFO        Line 4: 2 segment(s), 2 separator(s)
2026-05-10 02:42:54,769  core.aya_separator              INFO        Line 5: 2 segment(s), 2 separator(s)
2026-05-10 02:42:55,879  core.aya_separator              INFO        Line 8: 3 segment(s), 3 separator(s)
2026-05-10 02:42:56,639  core.aya_separator              INFO        Line 9: 2 segment(s), 1 separator(s)
2026-05-10 02:42:57,500  core.aya_separator              INFO        Line 10: 3 segment(s), 3 separator(s)
2026-05-10 02:42:58,152  core.aya_separator              INFO        Line 11: 3 segment(s), 2 separator(s)
2026-05-10 02:42:59,016  core.aya_separator              INFO        Line 12: 3 segment(s), 3 separator(s)
2026-05-10 02:42:59,637  core.aya_separator              INFO        Line 13: 3 segment(s), 3 separator(s)
2026-05-10 02:43:00,486  core.aya_separator              INFO        Line 14: 2 segment(s), 1 separator(s)
2026-05-10 02:43:01,159  core.aya_separator              INFO        Line 15: 2 segment(s), 2 separator(s)
2026-05-10 02:43:01,159  core.coordinate_exporter        INFO        Line 1: TEXT — 1 segment(s), 0 separator(s)
2026-05-10 02:43:01,160  core.coordinate_exporter        INFO          … Aya 50 of هود (Sura #11) [continued] — bbox: (279, 309, 3163, 304)
2026-05-10 02:43:01,160  core.coordinate_exporter        INFO        Line 2: TEXT — 3 segment(s), 2 separator(s)
2026-05-10 02:43:01,160  core.coordinate_exporter        INFO          ✦ Aya 50 of هود (Sura #11) — bbox: (2509, 670, 932, 283)
2026-05-10 02:43:01,161  core.coordinate_exporter        INFO          ✦ Aya 51 of هود (Sura #11) — bbox: (731, 670, 1778, 283)
2026-05-10 02:43:01,161  core.coordinate_exporter        INFO          … Aya 52 of هود (Sura #11) [continued] — bbox: (279, 670, 452, 283)
2026-05-10 02:43:01,161  core.coordinate_exporter        INFO        Line 3: TEXT — 3 segment(s), 2 separator(s)
2026-05-10 02:43:01,162  core.coordinate_exporter        INFO          ✦ Aya 52 of هود (Sura #11) — bbox: (1974, 1015, 1462, 265)
2026-05-10 02:43:01,162  core.coordinate_exporter        INFO          ✦ Aya 53 of هود (Sura #11) — bbox: (655, 1015, 1319, 265)
2026-05-10 02:43:01,162  core.coordinate_exporter        INFO          … Aya 54 of هود (Sura #11) [continued] — bbox: (279, 1015, 376, 265)
2026-05-10 02:43:01,163  core.coordinate_exporter        INFO        Line 4: TEXT — 2 segment(s), 2 separator(s)
2026-05-10 02:43:01,163  core.coordinate_exporter        INFO          ✦ Aya 54 of هود (Sura #11) — bbox: (2199, 1364, 1243, 287)
2026-05-10 02:43:01,163  core.coordinate_exporter        INFO          ✦ Aya 55 of هود (Sura #11) — bbox: (274, 1364, 1925, 287)
2026-05-10 02:43:01,163  core.coordinate_exporter        INFO        Line 5: TEXT — 2 segment(s), 2 separator(s)
2026-05-10 02:43:01,163  core.coordinate_exporter        INFO          ✦ Aya 56 of هود (Sura #11) — bbox: (1778, 1726, 1201, 276)
2026-05-10 02:43:01,164  core.coordinate_exporter        INFO          ✦ Aya 57 of هود (Sura #11) — bbox: (737, 1726, 1041, 276)
2026-05-10 02:43:01,164  core.coordinate_exporter        INFO        Line 6: TEXT — 1 segment(s), 0 separator(s)
2026-05-10 02:43:01,165  core.coordinate_exporter        INFO          … Aya 58 of هود (Sura #11) [continued] — bbox: (1519, 2162, 685, 176)
2026-05-10 02:43:01,165  core.coordinate_exporter        INFO        Line 7: TEXT — 1 segment(s), 0 separator(s)
2026-05-10 02:43:01,166  core.coordinate_exporter        INFO          … Aya 58 of هود (Sura #11) [continued] — bbox: (949, 2455, 1825, 229)
2026-05-10 02:43:01,166  core.coordinate_exporter        INFO        Line 8: TEXT — 3 segment(s), 3 separator(s)
2026-05-10 02:43:01,166  core.coordinate_exporter        INFO          ✦ Aya 58 of هود (Sura #11) — bbox: (2298, 2739, 1144, 297)
2026-05-10 02:43:01,167  core.coordinate_exporter        INFO          ✦ Aya 59 of هود (Sura #11) — bbox: (1115, 2739, 1183, 297)
2026-05-10 02:43:01,167  core.coordinate_exporter        INFO          ✦ Aya 60 of هود (Sura #11) — bbox: (276, 2739, 839, 297)
2026-05-10 02:43:01,168  core.coordinate_exporter        INFO        Line 9: TEXT — 2 segment(s), 1 separator(s)
2026-05-10 02:43:01,168  core.coordinate_exporter        INFO          ✦ Aya 61 of هود (Sura #11) — bbox: (1681, 3108, 1762, 284)
2026-05-10 02:43:01,168  core.coordinate_exporter        INFO          … Aya 62 of هود (Sura #11) [continued] — bbox: (280, 3108, 1401, 284)
2026-05-10 02:43:01,168  core.coordinate_exporter        INFO        Line 10: TEXT — 3 segment(s), 3 separator(s)
2026-05-10 02:43:01,169  core.coordinate_exporter        INFO          ✦ Aya 62 of هود (Sura #11) — bbox: (3015, 3419, 428, 309)
2026-05-10 02:43:01,169  core.coordinate_exporter        INFO          ✦ Aya 63 of هود (Sura #11) — bbox: (1610, 3419, 1405, 309)
2026-05-10 02:43:01,169  core.coordinate_exporter        INFO          ✦ Aya 64 of هود (Sura #11) — bbox: (277, 3419, 1333, 309)
2026-05-10 02:43:01,169  core.coordinate_exporter        INFO        Line 11: TEXT — 3 segment(s), 2 separator(s)
2026-05-10 02:43:01,170  core.coordinate_exporter        INFO          ✦ Aya 65 of هود (Sura #11) — bbox: (2099, 3825, 1343, 267)
2026-05-10 02:43:01,170  core.coordinate_exporter        INFO          ✦ Aya 66 of هود (Sura #11) — bbox: (872, 3825, 1227, 267)
2026-05-10 02:43:01,171  core.coordinate_exporter        INFO          … Aya 67 of هود (Sura #11) [continued] — bbox: (280, 3825, 592, 267)
2026-05-10 02:43:01,171  core.coordinate_exporter        INFO        Line 12: TEXT — 3 segment(s), 3 separator(s)
2026-05-10 02:43:01,172  core.coordinate_exporter        INFO          ✦ Aya 67 of هود (Sura #11) — bbox: (2761, 4147, 682, 291)
2026-05-10 02:43:01,172  core.coordinate_exporter        INFO          ✦ Aya 68 of هود (Sura #11) — bbox: (1630, 4147, 1131, 291)
2026-05-10 02:43:01,172  core.coordinate_exporter        INFO          ✦ Aya 69 of هود (Sura #11) — bbox: (276, 4147, 1354, 291)
2026-05-10 02:43:01,172  core.coordinate_exporter        INFO        Line 13: TEXT — 3 segment(s), 3 separator(s)
2026-05-10 02:43:01,173  core.coordinate_exporter        INFO          ✦ Aya 70 of هود (Sura #11) — bbox: (2831, 4531, 612, 256)
2026-05-10 02:43:01,173  core.coordinate_exporter        INFO          ✦ Aya 71 of هود (Sura #11) — bbox: (1222, 4531, 1609, 256)
2026-05-10 02:43:01,173  core.coordinate_exporter        INFO          ✦ Aya 72 of هود (Sura #11) — bbox: (280, 4531, 942, 256)
2026-05-10 02:43:01,174  core.coordinate_exporter        INFO        Line 14: TEXT — 2 segment(s), 1 separator(s)
2026-05-10 02:43:01,174  core.coordinate_exporter        INFO          ✦ Aya 73 of هود (Sura #11) — bbox: (2197, 4842, 1245, 277)
2026-05-10 02:43:01,175  core.coordinate_exporter        INFO          … Aya 74 of هود (Sura #11) [continued] — bbox: (280, 4842, 1917, 277)
2026-05-10 02:43:01,176  core.coordinate_exporter        INFO        Line 15: TEXT — 2 segment(s), 2 separator(s)
2026-05-10 02:43:01,176  core.coordinate_exporter        INFO          ✦ Aya 74 of هود (Sura #11) — bbox: (1740, 5198, 1703, 290)
2026-05-10 02:43:01,178  core.coordinate_exporter        INFO          ✦ Aya 75 of هود (Sura #11) — bbox: (276, 5198, 1464, 290)
2026-05-10 02:43:01,337  core.page_processor             INFO          Saved results\595-l01-sura011-aya050.png
2026-05-10 02:43:01,394  core.page_processor             INFO          Saved results\595-l02-s01-sura011-aya050.png
2026-05-10 02:43:01,486  core.page_processor             INFO          Saved results\595-l02-s02-sura011-aya051.png
2026-05-10 02:43:01,508  core.page_processor             INFO          Saved results\595-l02-s03-sura011-aya052.png
2026-05-10 02:43:01,564  core.page_processor             INFO          Saved results\595-l03-s01-sura011-aya052.png
2026-05-10 02:43:01,614  core.page_processor             INFO          Saved results\595-l03-s02-sura011-aya053.png
2026-05-10 02:43:01,626  core.page_processor             INFO          Saved results\595-l03-s03-sura011-aya054.png
2026-05-10 02:43:01,672  core.page_processor             INFO          Saved results\595-l04-s01-sura011-aya054.png
2026-05-10 02:43:01,720  core.page_processor             INFO          Saved results\595-l04-s02-sura011-aya055.png
2026-05-10 02:43:01,753  core.page_processor             INFO          Saved results\595-l05-s01-sura011-aya056.png
2026-05-10 02:43:01,783  core.page_processor             INFO          Saved results\595-l05-s02-sura011-aya057.png
2026-05-10 02:43:01,800  core.page_processor             INFO          Saved results\595-l06-sura011-aya058.png
2026-05-10 02:43:01,836  core.page_processor             INFO          Saved results\595-l07-sura011-aya058.png
2026-05-10 02:43:01,865  core.page_processor             INFO          Saved results\595-l08-s01-sura011-aya058.png
2026-05-10 02:43:01,901  core.page_processor             INFO          Saved results\595-l08-s02-sura011-aya059.png
2026-05-10 02:43:01,927  core.page_processor             INFO          Saved results\595-l08-s03-sura011-aya060.png
2026-05-10 02:43:01,972  core.page_processor             INFO          Saved results\595-l09-s01-sura011-aya061.png
2026-05-10 02:43:02,004  core.page_processor             INFO          Saved results\595-l09-s02-sura011-aya062.png
2026-05-10 02:43:02,022  core.page_processor             INFO          Saved results\595-l10-s01-sura011-aya062.png
2026-05-10 02:43:02,065  core.page_processor             INFO          Saved results\595-l10-s02-sura011-aya063.png
2026-05-10 02:43:02,102  core.page_processor             INFO          Saved results\595-l10-s03-sura011-aya064.png
2026-05-10 02:43:02,149  core.page_processor             INFO          Saved results\595-l11-s01-sura011-aya065.png
2026-05-10 02:43:02,194  core.page_processor             INFO          Saved results\595-l11-s02-sura011-aya066.png
2026-05-10 02:43:02,210  core.page_processor             INFO          Saved results\595-l11-s03-sura011-aya067.png
2026-05-10 02:43:02,238  core.page_processor             INFO          Saved results\595-l12-s01-sura011-aya067.png
2026-05-10 02:43:02,277  core.page_processor             INFO          Saved results\595-l12-s02-sura011-aya068.png
2026-05-10 02:43:02,310  core.page_processor             INFO          Saved results\595-l12-s03-sura011-aya069.png
2026-05-10 02:43:02,326  core.page_processor             INFO          Saved results\595-l13-s01-sura011-aya070.png
2026-05-10 02:43:02,371  core.page_processor             INFO          Saved results\595-l13-s02-sura011-aya071.png
2026-05-10 02:43:02,398  core.page_processor             INFO          Saved results\595-l13-s03-sura011-aya072.png
2026-05-10 02:43:02,462  core.page_processor             INFO          Saved results\595-l14-s01-sura011-aya073.png
2026-05-10 02:43:02,544  core.page_processor             INFO          Saved results\595-l14-s02-sura011-aya074.png
2026-05-10 02:43:02,624  core.page_processor             INFO          Saved results\595-l15-s01-sura011-aya074.png
2026-05-10 02:43:02,687  core.page_processor             INFO          Saved results\595-l15-s02-sura011-aya075.png
2026-05-10 02:43:02,688  core.page_processor             INFO        Exported 34 image(s) for 595.png
2026-05-10 02:43:02,688  core.page_processor             INFO        Finished 595.png: detected=15 lines
2026-05-10 02:43:02,688  core.pipeline                   INFO      Processing 596.png
2026-05-10 02:43:02,872  core.page_processor             INFO      
2026-05-10 02:43:02,872  core.page_processor             INFO      ━━━━━━━━━━━━━━━━━━━━━━━━━━━━━━━━━━━━━━━━━━━━━━━━━━
2026-05-10 02:43:02,873  core.page_processor             INFO      📄 PAGE 14 — 596.png
2026-05-10 02:43:02,873  core.page_processor             INFO      ━━━━━━━━━━━━━━━━━━━━━━━━━━━━━━━━━━━━━━━━━━━━━━━━━━
2026-05-10 02:43:02,905  core.line_detector              INFO        Detected 15 lines
2026-05-10 02:43:02,957  core.classifier                 INFO        line 1: score=0.2296
2026-05-10 02:43:02,959  core.page_processor             WARNING     Classification failed, skipping: OpenCV(4.13.0) D:\a\opencv-python\opencv-python\opencv\modules\imgproc\src\templmatch.cpp:1179: error: (-215:Assertion failed) _img.size().height <= _templ.size().height && _img.size().width <= _templ.size().width in function 'cv::matchTemplate'

2026-05-10 02:43:03,614  core.aya_separator              INFO        Line 1: 2 segment(s), 2 separator(s)
2026-05-10 02:43:04,592  core.aya_separator              INFO        Line 4: 3 segment(s), 3 separator(s)
2026-05-10 02:43:05,394  core.aya_separator              INFO        Line 5: 3 segment(s), 2 separator(s)
2026-05-10 02:43:05,911  core.aya_separator              INFO        Line 6: 3 segment(s), 2 separator(s)
2026-05-10 02:43:06,636  core.aya_separator              INFO        Line 7: 3 segment(s), 3 separator(s)
2026-05-10 02:43:07,245  core.aya_separator              INFO        Line 8: 3 segment(s), 2 separator(s)
2026-05-10 02:43:08,000  core.aya_separator              INFO        Line 9: 2 segment(s), 1 separator(s)
2026-05-10 02:43:08,593  core.aya_separator              INFO        Line 10: 2 segment(s), 2 separator(s)
2026-05-10 02:43:09,796  core.aya_separator              INFO        Line 13: 3 segment(s), 3 separator(s)
2026-05-10 02:43:10,571  core.aya_separator              INFO        Line 14: 3 segment(s), 3 separator(s)
2026-05-10 02:43:11,214  core.aya_separator              INFO        Line 15: 3 segment(s), 3 separator(s)
2026-05-10 02:43:11,214  core.coordinate_exporter        INFO        Line 1: TEXT — 2 segment(s), 2 separator(s)
2026-05-10 02:43:11,215  core.coordinate_exporter        INFO          ✦ Aya 76 of هود (Sura #11) — bbox: (1319, 309, 2118, 278)
2026-05-10 02:43:11,215  core.coordinate_exporter        INFO          ✦ Aya 77 of هود (Sura #11) — bbox: (239, 309, 1080, 278)
2026-05-10 02:43:11,215  core.coordinate_exporter        INFO        Line 2: TEXT — 1 segment(s), 0 separator(s)
2026-05-10 02:43:11,215  core.coordinate_exporter        INFO          … Aya 78 of هود (Sura #11) [continued] — bbox: (1487, 778, 710, 149)
2026-05-10 02:43:11,216  core.coordinate_exporter        INFO        Line 3: TEXT — 1 segment(s), 0 separator(s)
2026-05-10 02:43:11,216  core.coordinate_exporter        INFO          … Aya 78 of هود (Sura #11) [continued] — bbox: (930, 1125, 1824, 160)
2026-05-10 02:43:11,216  core.coordinate_exporter        INFO        Line 4: TEXT — 3 segment(s), 3 separator(s)
2026-05-10 02:43:11,216  core.coordinate_exporter        INFO          ✦ Aya 78 of هود (Sura #11) — bbox: (2263, 1359, 1174, 278)
2026-05-10 02:43:11,217  core.coordinate_exporter        INFO          ✦ Aya 79 of هود (Sura #11) — bbox: (1323, 1359, 940, 278)
2026-05-10 02:43:11,217  core.coordinate_exporter        INFO          ✦ Aya 80 of هود (Sura #11) — bbox: (241, 1359, 1082, 278)
2026-05-10 02:43:11,217  core.coordinate_exporter        INFO        Line 5: TEXT — 3 segment(s), 2 separator(s)
2026-05-10 02:43:11,217  core.coordinate_exporter        INFO          ✦ Aya 81 of هود (Sura #11) — bbox: (2124, 1711, 1313, 265)
2026-05-10 02:43:11,217  core.coordinate_exporter        INFO          ✦ Aya 82 of هود (Sura #11) — bbox: (769, 1711, 1355, 265)
2026-05-10 02:43:11,218  core.coordinate_exporter        INFO          … Aya 83 of هود (Sura #11) [continued] — bbox: (249, 1711, 520, 265)
2026-05-10 02:43:11,218  core.coordinate_exporter        INFO        Line 6: TEXT — 3 segment(s), 2 separator(s)
2026-05-10 02:43:11,218  core.coordinate_exporter        INFO          ✦ Aya 83 of هود (Sura #11) — bbox: (2601, 2087, 836, 241)
2026-05-10 02:43:11,218  core.coordinate_exporter        INFO          ✦ Aya 84 of هود (Sura #11) — bbox: (1381, 2087, 1220, 241)
2026-05-10 02:43:11,218  core.coordinate_exporter        INFO          … Aya 85 of هود (Sura #11) [continued] — bbox: (249, 2087, 1132, 241)
2026-05-10 02:43:11,219  core.coordinate_exporter        INFO        Line 7: TEXT — 3 segment(s), 3 separator(s)
2026-05-10 02:43:11,219  core.coordinate_exporter        INFO          ✦ Aya 85 of هود (Sura #11) — bbox: (2768, 2434, 669, 248)
2026-05-10 02:43:11,219  core.coordinate_exporter        INFO          ✦ Aya 86 of هود (Sura #11) — bbox: (1632, 2434, 1136, 248)
2026-05-10 02:43:11,219  core.coordinate_exporter        INFO          ✦ Aya 87 of هود (Sura #11) — bbox: (241, 2434, 1391, 248)
2026-05-10 02:43:11,220  core.coordinate_exporter        INFO        Line 8: TEXT — 3 segment(s), 2 separator(s)
2026-05-10 02:43:11,220  core.coordinate_exporter        INFO          ✦ Aya 88 of هود (Sura #11) — bbox: (1913, 2762, 1524, 267)
2026-05-10 02:43:11,220  core.coordinate_exporter        INFO          ✦ Aya 89 of هود (Sura #11) — bbox: (796, 2762, 1117, 267)
2026-05-10 02:43:11,220  core.coordinate_exporter        INFO          … Aya 90 of هود (Sura #11) [continued] — bbox: (249, 2762, 547, 267)
2026-05-10 02:43:11,221  core.coordinate_exporter        INFO        Line 9: TEXT — 2 segment(s), 1 separator(s)
2026-05-10 02:43:11,221  core.coordinate_exporter        INFO          ✦ Aya 90 of هود (Sura #11) — bbox: (1674, 3106, 1763, 267)
2026-05-10 02:43:11,221  core.coordinate_exporter        INFO          … Aya 91 of هود (Sura #11) [continued] — bbox: (249, 3106, 1425, 267)
2026-05-10 02:43:11,221  core.coordinate_exporter        INFO        Line 10: TEXT — 2 segment(s), 2 separator(s)
2026-05-10 02:43:11,222  core.coordinate_exporter        INFO          ✦ Aya 91 of هود (Sura #11) — bbox: (1477, 3467, 1960, 268)
2026-05-10 02:43:11,222  core.coordinate_exporter        INFO          ✦ Aya 92 of هود (Sura #11) — bbox: (245, 3467, 1232, 268)
2026-05-10 02:43:11,222  core.coordinate_exporter        INFO        Line 11: TEXT — 1 segment(s), 0 separator(s)
2026-05-10 02:43:11,222  core.coordinate_exporter        INFO          … Aya 93 of هود (Sura #11) [continued] — bbox: (1535, 3949, 614, 136)
2026-05-10 02:43:11,223  core.coordinate_exporter        INFO        Line 12: TEXT — 1 segment(s), 0 separator(s)
2026-05-10 02:43:11,223  core.coordinate_exporter        INFO          … Aya 93 of هود (Sura #11) [continued] — bbox: (930, 4258, 1824, 160)
2026-05-10 02:43:11,223  core.coordinate_exporter        INFO        Line 13: TEXT — 3 segment(s), 3 separator(s)
2026-05-10 02:43:11,223  core.coordinate_exporter        INFO          ✦ Aya 93 of هود (Sura #11) — bbox: (2439, 4470, 997, 312)
2026-05-10 02:43:11,224  core.coordinate_exporter        INFO          ✦ Aya 94 of هود (Sura #11) — bbox: (1506, 4470, 933, 312)
2026-05-10 02:43:11,224  core.coordinate_exporter        INFO          ✦ Aya 95 of هود (Sura #11) — bbox: (242, 4470, 1264, 312)
2026-05-10 02:43:11,224  core.coordinate_exporter        INFO        Line 14: TEXT — 3 segment(s), 3 separator(s)
2026-05-10 02:43:11,225  core.coordinate_exporter        INFO          ✦ Aya 96 of هود (Sura #11) — bbox: (2426, 4833, 1010, 293)
2026-05-10 02:43:11,225  core.coordinate_exporter        INFO          ✦ Aya 97 of هود (Sura #11) — bbox: (1243, 4833, 1183, 293)
2026-05-10 02:43:11,225  core.coordinate_exporter        INFO          ✦ Aya 98 of هود (Sura #11) — bbox: (241, 4833, 1002, 293)
2026-05-10 02:43:11,226  core.coordinate_exporter        INFO        Line 15: TEXT — 3 segment(s), 3 separator(s)
2026-05-10 02:43:11,226  core.coordinate_exporter        INFO          ✦ Aya 99 of هود (Sura #11) — bbox: (2334, 5189, 1102, 282)
2026-05-10 02:43:11,226  core.coordinate_exporter        INFO          ✦ Aya 100 of هود (Sura #11) — bbox: (1116, 5189, 1218, 282)
2026-05-10 02:43:11,227  core.coordinate_exporter        INFO          ✦ Aya 101 of هود (Sura #11) — bbox: (240, 5189, 876, 282)
2026-05-10 02:43:11,304  core.page_processor             INFO          Saved results\596-l01-s01-sura011-aya076.png
2026-05-10 02:43:11,344  core.page_processor             INFO          Saved results\596-l01-s02-sura011-aya077.png
2026-05-10 02:43:11,368  core.page_processor             INFO          Saved results\596-l02-sura011-aya078.png
2026-05-10 02:43:11,405  core.page_processor             INFO          Saved results\596-l03-sura011-aya078.png
2026-05-10 02:43:11,434  core.page_processor             INFO          Saved results\596-l04-s01-sura011-aya078.png
2026-05-10 02:43:11,460  core.page_processor             INFO          Saved results\596-l04-s02-sura011-aya079.png
2026-05-10 02:43:11,489  core.page_processor             INFO          Saved results\596-l04-s03-sura011-aya080.png
2026-05-10 02:43:11,524  core.page_processor             INFO          Saved results\596-l05-s01-sura011-aya081.png
2026-05-10 02:43:11,557  core.page_processor             INFO          Saved results\596-l05-s02-sura011-aya082.png
2026-05-10 02:43:11,569  core.page_processor             INFO          Saved results\596-l05-s03-sura011-aya083.png
2026-05-10 02:43:11,593  core.page_processor             INFO          Saved results\596-l06-s01-sura011-aya083.png
2026-05-10 02:43:11,630  core.page_processor             INFO          Saved results\596-l06-s02-sura011-aya084.png
2026-05-10 02:43:11,673  core.page_processor             INFO          Saved results\596-l06-s03-sura011-aya085.png
2026-05-10 02:43:11,700  core.page_processor             INFO          Saved results\596-l07-s01-sura011-aya085.png
2026-05-10 02:43:11,764  core.page_processor             INFO          Saved results\596-l07-s02-sura011-aya086.png
2026-05-10 02:43:11,890  core.page_processor             INFO          Saved results\596-l07-s03-sura011-aya087.png
2026-05-10 02:43:11,960  core.page_processor             INFO          Saved results\596-l08-s01-sura011-aya088.png
2026-05-10 02:43:12,007  core.page_processor             INFO          Saved results\596-l08-s02-sura011-aya089.png
2026-05-10 02:43:12,034  core.page_processor             INFO          Saved results\596-l08-s03-sura011-aya090.png
2026-05-10 02:43:12,102  core.page_processor             INFO          Saved results\596-l09-s01-sura011-aya090.png
2026-05-10 02:43:12,141  core.page_processor             INFO          Saved results\596-l09-s02-sura011-aya091.png
2026-05-10 02:43:12,199  core.page_processor             INFO          Saved results\596-l10-s01-sura011-aya091.png
2026-05-10 02:43:12,228  core.page_processor             INFO          Saved results\596-l10-s02-sura011-aya092.png
2026-05-10 02:43:12,237  core.page_processor             INFO          Saved results\596-l11-sura011-aya093.png
2026-05-10 02:43:12,261  core.page_processor             INFO          Saved results\596-l12-sura011-aya093.png
2026-05-10 02:43:12,288  core.page_processor             INFO          Saved results\596-l13-s01-sura011-aya093.png
2026-05-10 02:43:12,312  core.page_processor             INFO          Saved results\596-l13-s02-sura011-aya094.png
2026-05-10 02:43:12,346  core.page_processor             INFO          Saved results\596-l13-s03-sura011-aya095.png
2026-05-10 02:43:12,372  core.page_processor             INFO          Saved results\596-l14-s01-sura011-aya096.png
2026-05-10 02:43:12,404  core.page_processor             INFO          Saved results\596-l14-s02-sura011-aya097.png
2026-05-10 02:43:12,428  core.page_processor             INFO          Saved results\596-l14-s03-sura011-aya098.png
2026-05-10 02:43:12,455  core.page_processor             INFO          Saved results\596-l15-s01-sura011-aya099.png
2026-05-10 02:43:12,490  core.page_processor             INFO          Saved results\596-l15-s02-sura011-aya100.png
2026-05-10 02:43:12,521  core.page_processor             INFO          Saved results\596-l15-s03-sura011-aya101.png
2026-05-10 02:43:12,522  core.page_processor             INFO        Exported 34 image(s) for 596.png
2026-05-10 02:43:12,522  core.page_processor             INFO        Finished 596.png: detected=15 lines
2026-05-10 02:43:12,522  core.pipeline                   INFO      Processing 597.png
2026-05-10 02:43:12,703  core.page_processor             INFO      
2026-05-10 02:43:12,703  core.page_processor             INFO      ━━━━━━━━━━━━━━━━━━━━━━━━━━━━━━━━━━━━━━━━━━━━━━━━━━
2026-05-10 02:43:12,704  core.page_processor             INFO      📄 PAGE 15 — 597.png
2026-05-10 02:43:12,704  core.page_processor             INFO      ━━━━━━━━━━━━━━━━━━━━━━━━━━━━━━━━━━━━━━━━━━━━━━━━━━
2026-05-10 02:43:12,721  core.line_detector              INFO        Detected 15 lines
2026-05-10 02:43:12,752  core.classifier                 INFO        line 1: score=0.1924
2026-05-10 02:43:12,788  core.classifier                 INFO        line 2: score=0.2090
2026-05-10 02:43:12,818  core.classifier                 INFO        line 3: score=0.2351
2026-05-10 02:43:12,865  core.classifier                 INFO        line 4: score=0.2399
2026-05-10 02:43:12,908  core.classifier                 INFO        line 5: score=0.3000
2026-05-10 02:43:12,917  core.classifier                 INFO        line 6: score=0.9911 → SURA
2026-05-10 02:43:12,934  core.classifier                 INFO        line 7: score=0.2371
2026-05-10 02:43:12,978  core.classifier                 INFO        line 8: score=0.2308
2026-05-10 02:43:13,039  core.classifier                 INFO        line 9: score=0.2952
2026-05-10 02:43:13,097  core.classifier                 INFO        line 10: score=0.1974
2026-05-10 02:43:13,145  core.classifier                 INFO        line 11: score=0.2184
2026-05-10 02:43:13,197  core.classifier                 INFO        line 12: score=0.2198
2026-05-10 02:43:13,203  core.page_processor             WARNING     Classification failed, skipping: OpenCV(4.13.0) D:\a\opencv-python\opencv-python\opencv\modules\imgproc\src\templmatch.cpp:1179: error: (-215:Assertion failed) _img.size().height <= _templ.size().height && _img.size().width <= _templ.size().width in function 'cv::matchTemplate'

2026-05-10 02:43:13,880  core.aya_separator              INFO        Line 1: 3 segment(s), 2 separator(s)
2026-05-10 02:43:14,780  core.aya_separator              INFO        Line 2: 3 segment(s), 3 separator(s)
2026-05-10 02:43:15,500  core.aya_separator              INFO        Line 3: 3 segment(s), 2 separator(s)
2026-05-10 02:43:16,347  core.aya_separator              INFO        Line 4: 3 segment(s), 2 separator(s)
2026-05-10 02:43:17,266  core.aya_separator              INFO        Line 5: 3 segment(s), 3 separator(s)
2026-05-10 02:43:18,357  core.aya_separator              INFO        Line 8: 3 segment(s), 3 separator(s)
2026-05-10 02:43:19,296  core.aya_separator              INFO        Line 9: 2 segment(s), 1 separator(s)
2026-05-10 02:43:20,096  core.aya_separator              INFO        Line 10: 3 segment(s), 3 separator(s)
2026-05-10 02:43:20,742  core.aya_separator              INFO        Line 11: 2 segment(s), 2 separator(s)
2026-05-10 02:43:21,605  core.aya_separator              INFO        Line 12: 2 segment(s), 2 separator(s)
2026-05-10 02:43:22,750  core.aya_separator              INFO        Line 15: 2 segment(s), 2 separator(s)
2026-05-10 02:43:22,751  core.coordinate_exporter        INFO        Line 1: TEXT — 3 segment(s), 2 separator(s)
2026-05-10 02:43:22,752  core.coordinate_exporter        INFO          ✦ Aya 102 of هود (Sura #11) — bbox: (2252, 304, 1199, 268)
2026-05-10 02:43:22,752  core.coordinate_exporter        INFO          ✦ Aya 103 of هود (Sura #11) — bbox: (710, 304, 1542, 268)
2026-05-10 02:43:22,753  core.coordinate_exporter        INFO          … Aya 104 of هود (Sura #11) [continued] — bbox: (271, 304, 439, 268)
2026-05-10 02:43:22,753  core.coordinate_exporter        INFO        Line 2: TEXT — 3 segment(s), 3 separator(s)
2026-05-10 02:43:22,753  core.coordinate_exporter        INFO          ✦ Aya 104 of هود (Sura #11) — bbox: (2879, 616, 572, 295)
2026-05-10 02:43:22,754  core.coordinate_exporter        INFO          ✦ Aya 105 of هود (Sura #11) — bbox: (1489, 616, 1390, 295)
2026-05-10 02:43:22,754  core.coordinate_exporter        INFO          ✦ Aya 106 of هود (Sura #11) — bbox: (262, 616, 1227, 295)
2026-05-10 02:43:22,754  core.coordinate_exporter        INFO        Line 3: TEXT — 3 segment(s), 2 separator(s)
2026-05-10 02:43:22,755  core.coordinate_exporter        INFO          ✦ Aya 107 of هود (Sura #11) — bbox: (2034, 965, 1417, 295)
2026-05-10 02:43:22,755  core.coordinate_exporter        INFO          ✦ Aya 108 of هود (Sura #11) — bbox: (924, 965, 1110, 295)
2026-05-10 02:43:22,755  core.coordinate_exporter        INFO          … Aya 109 of هود (Sura #11) [continued] — bbox: (271, 965, 653, 295)
2026-05-10 02:43:22,756  core.coordinate_exporter        INFO        Line 4: TEXT — 3 segment(s), 2 separator(s)
2026-05-10 02:43:22,756  core.coordinate_exporter        INFO          ✦ Aya 109 of هود (Sura #11) — bbox: (2896, 1319, 555, 300)
2026-05-10 02:43:22,757  core.coordinate_exporter        INFO          ✦ Aya 110 of هود (Sura #11) — bbox: (1595, 1319, 1301, 300)
2026-05-10 02:43:22,757  core.coordinate_exporter        INFO          … Aya 111 of هود (Sura #11) [continued] — bbox: (271, 1319, 1324, 300)
2026-05-10 02:43:22,757  core.coordinate_exporter        INFO        Line 5: TEXT — 3 segment(s), 3 separator(s)
2026-05-10 02:43:22,757  core.coordinate_exporter        INFO          ✦ Aya 111 of هود (Sura #11) — bbox: (2924, 1661, 527, 303)
2026-05-10 02:43:22,758  core.coordinate_exporter        INFO          ✦ Aya 112 of هود (Sura #11) — bbox: (1262, 1661, 1662, 303)
2026-05-10 02:43:22,758  core.coordinate_exporter        INFO          ✦ Aya 113 of هود (Sura #11) — bbox: (262, 1661, 1000, 303)
2026-05-10 02:43:22,758  core.coordinate_exporter        INFO        Line 6: 📖 SURA HEADER — Starting Sura #12: يوسف (Yusuf)
2026-05-10 02:43:22,759  core.coordinate_exporter        INFO          Total ayas in this sura: 111
2026-05-10 02:43:22,760  core.coordinate_exporter        INFO        Line 7: ﷽  BASMALA — Sura #12 (يوسف)
2026-05-10 02:43:22,760  core.coordinate_exporter        INFO        Line 8: TEXT — 3 segment(s), 3 separator(s)
2026-05-10 02:43:22,761  core.coordinate_exporter        INFO          ✦ Aya 1 of يوسف (Sura #12) — bbox: (2716, 2724, 735, 283)
2026-05-10 02:43:22,762  core.coordinate_exporter        INFO          ✦ Aya 2 of يوسف (Sura #12) — bbox: (1651, 2724, 1065, 283)
2026-05-10 02:43:22,763  core.coordinate_exporter        INFO          ✦ Aya 3 of يوسف (Sura #12) — bbox: (263, 2724, 1388, 283)
2026-05-10 02:43:22,763  core.coordinate_exporter        INFO        Line 9: TEXT — 2 segment(s), 1 separator(s)
2026-05-10 02:43:22,763  core.coordinate_exporter        INFO          ✦ Aya 4 of يوسف (Sura #12) — bbox: (1675, 3047, 1777, 293)
2026-05-10 02:43:22,763  core.coordinate_exporter        INFO          … Aya 5 of يوسف (Sura #12) [continued] — bbox: (272, 3047, 1403, 293)
2026-05-10 02:43:22,764  core.coordinate_exporter        INFO        Line 10: TEXT — 3 segment(s), 3 separator(s)
2026-05-10 02:43:22,764  core.coordinate_exporter        INFO          ✦ Aya 5 of يوسف (Sura #12) — bbox: (2905, 3425, 547, 272)
2026-05-10 02:43:22,764  core.coordinate_exporter        INFO          ✦ Aya 6 of يوسف (Sura #12) — bbox: (1557, 3425, 1348, 272)
2026-05-10 02:43:22,765  core.coordinate_exporter        INFO          ✦ Aya 7 of يوسف (Sura #12) — bbox: (265, 3425, 1292, 272)
2026-05-10 02:43:22,765  core.coordinate_exporter        INFO        Line 11: TEXT — 2 segment(s), 2 separator(s)
2026-05-10 02:43:22,766  core.coordinate_exporter        INFO          ✦ Aya 8 of يوسف (Sura #12) — bbox: (1866, 3775, 1586, 269)
2026-05-10 02:43:22,766  core.coordinate_exporter        INFO          ✦ Aya 9 of يوسف (Sura #12) — bbox: (262, 3775, 1604, 269)
2026-05-10 02:43:22,766  core.coordinate_exporter        INFO        Line 12: TEXT — 2 segment(s), 2 separator(s)
2026-05-10 02:43:22,767  core.coordinate_exporter        INFO          ✦ Aya 10 of يوسف (Sura #12) — bbox: (1937, 4112, 1515, 281)
2026-05-10 02:43:22,767  core.coordinate_exporter        INFO          ✦ Aya 11 of يوسف (Sura #12) — bbox: (263, 4112, 1674, 281)
2026-05-10 02:43:22,768  core.coordinate_exporter        INFO        Line 13: TEXT — 1 segment(s), 0 separator(s)
2026-05-10 02:43:22,768  core.coordinate_exporter        INFO          … Aya 12 of يوسف (Sura #12) [continued] — bbox: (1542, 4579, 646, 149)
2026-05-10 02:43:22,768  core.coordinate_exporter        INFO        Line 14: TEXT — 1 segment(s), 0 separator(s)
2026-05-10 02:43:22,769  core.coordinate_exporter        INFO          … Aya 12 of يوسف (Sura #12) [continued] — bbox: (949, 4848, 1825, 229)
2026-05-10 02:43:22,769  core.coordinate_exporter        INFO        Line 15: TEXT — 2 segment(s), 2 separator(s)
2026-05-10 02:43:22,770  core.coordinate_exporter        INFO          ✦ Aya 12 of يوسف (Sura #12) — bbox: (1816, 5171, 1633, 270)
2026-05-10 02:43:22,772  core.coordinate_exporter        INFO          ✦ Aya 13 of يوسف (Sura #12) — bbox: (261, 5171, 1555, 270)
2026-05-10 02:43:22,859  core.page_processor             INFO          Saved results\597-l01-s01-sura011-aya102.png
2026-05-10 02:43:22,936  core.page_processor             INFO          Saved results\597-l01-s02-sura011-aya103.png
2026-05-10 02:43:22,967  core.page_processor             INFO          Saved results\597-l01-s03-sura011-aya104.png
2026-05-10 02:43:23,004  core.page_processor             INFO          Saved results\597-l02-s01-sura011-aya104.png
2026-05-10 02:43:23,076  core.page_processor             INFO          Saved results\597-l02-s02-sura011-aya105.png
2026-05-10 02:43:23,127  core.page_processor             INFO          Saved results\597-l02-s03-sura011-aya106.png
2026-05-10 02:43:23,194  core.page_processor             INFO          Saved results\597-l03-s01-sura011-aya107.png
2026-05-10 02:43:23,248  core.page_processor             INFO          Saved results\597-l03-s02-sura011-aya108.png
2026-05-10 02:43:23,275  core.page_processor             INFO          Saved results\597-l03-s03-sura011-aya109.png
2026-05-10 02:43:23,294  core.page_processor             INFO          Saved results\597-l04-s01-sura011-aya109.png
2026-05-10 02:43:23,342  core.page_processor             INFO          Saved results\597-l04-s02-sura011-aya110.png
2026-05-10 02:43:23,388  core.page_processor             INFO          Saved results\597-l04-s03-sura011-aya111.png
2026-05-10 02:43:23,412  core.page_processor             INFO          Saved results\597-l05-s01-sura011-aya111.png
2026-05-10 02:43:23,502  core.page_processor             INFO          Saved results\597-l05-s02-sura011-aya112.png
2026-05-10 02:43:23,553  core.page_processor             INFO          Saved results\597-l05-s03-sura011-aya113.png
2026-05-10 02:43:23,677  core.page_processor             INFO          Saved results\597-l06-sura012-header.png
2026-05-10 02:43:23,850  core.page_processor             INFO          Saved results\597-l07-sura012-basmala.png
2026-05-10 02:43:23,911  core.page_processor             INFO          Saved results\597-l08-s01-sura012-aya001.png
2026-05-10 02:43:23,985  core.page_processor             INFO          Saved results\597-l08-s02-sura012-aya002.png
2026-05-10 02:43:24,138  core.page_processor             INFO          Saved results\597-l08-s03-sura012-aya003.png
2026-05-10 02:43:24,211  core.page_processor             INFO          Saved results\597-l09-s01-sura012-aya004.png
2026-05-10 02:43:24,249  core.page_processor             INFO          Saved results\597-l09-s02-sura012-aya005.png
2026-05-10 02:43:24,263  core.page_processor             INFO          Saved results\597-l10-s01-sura012-aya005.png
2026-05-10 02:43:24,299  core.page_processor             INFO          Saved results\597-l10-s02-sura012-aya006.png
2026-05-10 02:43:24,346  core.page_processor             INFO          Saved results\597-l10-s03-sura012-aya007.png
2026-05-10 02:43:24,417  core.page_processor             INFO          Saved results\597-l11-s01-sura012-aya008.png
2026-05-10 02:43:24,491  core.page_processor             INFO          Saved results\597-l11-s02-sura012-aya009.png
2026-05-10 02:43:24,569  core.page_processor             INFO          Saved results\597-l12-s01-sura012-aya010.png
2026-05-10 02:43:24,661  core.page_processor             INFO          Saved results\597-l12-s02-sura012-aya011.png
2026-05-10 02:43:24,697  core.page_processor             INFO          Saved results\597-l13-sura012-aya012.png
2026-05-10 02:43:24,771  core.page_processor             INFO          Saved results\597-l14-sura012-aya012.png
2026-05-10 02:43:24,858  core.page_processor             INFO          Saved results\597-l15-s01-sura012-aya012.png
2026-05-10 02:43:24,937  core.page_processor             INFO          Saved results\597-l15-s02-sura012-aya013.png
2026-05-10 02:43:24,937  core.page_processor             INFO        Exported 33 image(s) for 597.png
2026-05-10 02:43:24,938  core.page_processor             INFO        Finished 597.png: detected=15 lines
2026-05-10 02:43:24,938  core.pipeline                   INFO      Processing 598.png
2026-05-10 02:43:25,156  core.page_processor             INFO      
2026-05-10 02:43:25,157  core.page_processor             INFO      ━━━━━━━━━━━━━━━━━━━━━━━━━━━━━━━━━━━━━━━━━━━━━━━━━━
2026-05-10 02:43:25,157  core.page_processor             INFO      📄 PAGE 16 — 598.png
2026-05-10 02:43:25,157  core.page_processor             INFO      ━━━━━━━━━━━━━━━━━━━━━━━━━━━━━━━━━━━━━━━━━━━━━━━━━━
2026-05-10 02:43:25,183  core.line_detector              INFO        Detected 15 lines
2026-05-10 02:43:25,259  core.classifier                 INFO        line 1: score=0.2402
2026-05-10 02:43:25,319  core.classifier                 INFO        line 2: score=0.2191
2026-05-10 02:43:25,329  core.page_processor             WARNING     Classification failed, skipping: OpenCV(4.13.0) D:\a\opencv-python\opencv-python\opencv\modules\imgproc\src\templmatch.cpp:1179: error: (-215:Assertion failed) _img.size().height <= _templ.size().height && _img.size().width <= _templ.size().width in function 'cv::matchTemplate'

2026-05-10 02:43:26,512  core.aya_separator              INFO        Line 1: 3 segment(s), 3 separator(s)
2026-05-10 02:43:27,308  core.aya_separator              INFO        Line 2: 3 segment(s), 3 separator(s)
2026-05-10 02:43:28,621  core.aya_separator              INFO        Line 5: 3 segment(s), 3 separator(s)
2026-05-10 02:43:29,471  core.aya_separator              INFO        Line 6: 2 segment(s), 2 separator(s)
2026-05-10 02:43:30,162  core.aya_separator              INFO        Line 7: 1 segment(s), 1 separator(s)
2026-05-10 02:43:31,145  core.aya_separator              INFO        Line 8: 2 segment(s), 2 separator(s)
2026-05-10 02:43:32,367  core.aya_separator              INFO        Line 11: 3 segment(s), 2 separator(s)
2026-05-10 02:43:33,496  core.aya_separator              INFO        Line 12: 3 segment(s), 2 separator(s)
2026-05-10 02:43:34,506  core.aya_separator              INFO        Line 13: 3 segment(s), 3 separator(s)
2026-05-10 02:43:35,376  core.aya_separator              INFO        Line 14: 3 segment(s), 2 separator(s)
2026-05-10 02:43:36,425  core.aya_separator              INFO        Line 15: 3 segment(s), 3 separator(s)
2026-05-10 02:43:36,426  core.coordinate_exporter        INFO        Line 1: TEXT — 3 segment(s), 3 separator(s)
2026-05-10 02:43:36,426  core.coordinate_exporter        INFO          ✦ Aya 14 of يوسف (Sura #12) — bbox: (2289, 291, 1142, 326)
2026-05-10 02:43:36,427  core.coordinate_exporter        INFO          ✦ Aya 15 of يوسف (Sura #12) — bbox: (1315, 291, 974, 326)
2026-05-10 02:43:36,428  core.coordinate_exporter        INFO          ✦ Aya 16 of يوسف (Sura #12) — bbox: (251, 291, 1064, 326)
2026-05-10 02:43:36,428  core.coordinate_exporter        INFO        Line 2: TEXT — 3 segment(s), 3 separator(s)
2026-05-10 02:43:36,428  core.coordinate_exporter        INFO          ✦ Aya 17 of يوسف (Sura #12) — bbox: (2395, 653, 1036, 313)
2026-05-10 02:43:36,429  core.coordinate_exporter        INFO          ✦ Aya 18 of يوسف (Sura #12) — bbox: (1273, 653, 1122, 313)
2026-05-10 02:43:36,429  core.coordinate_exporter        INFO          ✦ Aya 19 of يوسف (Sura #12) — bbox: (246, 653, 1027, 313)
2026-05-10 02:43:36,430  core.coordinate_exporter        INFO        Line 3: TEXT — 1 segment(s), 0 separator(s)
2026-05-10 02:43:36,430  core.coordinate_exporter        INFO          … Aya 20 of يوسف (Sura #12) [continued] — bbox: (1534, 1154, 617, 137)
2026-05-10 02:43:36,430  core.coordinate_exporter        INFO        Line 4: TEXT — 1 segment(s), 0 separator(s)
2026-05-10 02:43:36,430  core.coordinate_exporter        INFO          … Aya 20 of يوسف (Sura #12) [continued] — bbox: (930, 1414, 1824, 229)
2026-05-10 02:43:36,431  core.coordinate_exporter        INFO        Line 5: TEXT — 3 segment(s), 3 separator(s)
2026-05-10 02:43:36,431  core.coordinate_exporter        INFO          ✦ Aya 20 of يوسف (Sura #12) — bbox: (2389, 1698, 1042, 290)
2026-05-10 02:43:36,431  core.coordinate_exporter        INFO          ✦ Aya 21 of يوسف (Sura #12) — bbox: (1467, 1698, 922, 290)
2026-05-10 02:43:36,432  core.coordinate_exporter        INFO          ✦ Aya 22 of يوسف (Sura #12) — bbox: (248, 1698, 1219, 290)
2026-05-10 02:43:36,433  core.coordinate_exporter        INFO        Line 6: TEXT — 2 segment(s), 2 separator(s)
2026-05-10 02:43:36,433  core.coordinate_exporter        INFO          ✦ Aya 23 of يوسف (Sura #12) — bbox: (1610, 2056, 1821, 294)
2026-05-10 02:43:36,433  core.coordinate_exporter        INFO          ✦ Aya 24 of يوسف (Sura #12) — bbox: (251, 2056, 1359, 294)
2026-05-10 02:43:36,434  core.coordinate_exporter        INFO        Line 7: TEXT — 1 segment(s), 1 separator(s)
2026-05-10 02:43:36,434  core.coordinate_exporter        INFO          ✦ Aya 25 of يوسف (Sura #12) — bbox: (246, 2392, 3185, 276)
2026-05-10 02:43:36,434  core.coordinate_exporter        INFO        Line 8: TEXT — 2 segment(s), 2 separator(s)
2026-05-10 02:43:36,435  core.coordinate_exporter        INFO          ✦ Aya 26 of يوسف (Sura #12) — bbox: (1948, 2727, 1483, 298)
2026-05-10 02:43:36,437  core.coordinate_exporter        INFO          ✦ Aya 27 of يوسف (Sura #12) — bbox: (246, 2727, 1702, 298)
2026-05-10 02:43:36,438  core.coordinate_exporter        INFO        Line 9: TEXT — 1 segment(s), 0 separator(s)
2026-05-10 02:43:36,439  core.coordinate_exporter        INFO          … Aya 28 of يوسف (Sura #12) [continued] — bbox: (1505, 3131, 675, 234)
2026-05-10 02:43:36,442  core.coordinate_exporter        INFO        Line 10: TEXT — 1 segment(s), 0 separator(s)
2026-05-10 02:43:36,443  core.coordinate_exporter        INFO          … Aya 28 of يوسف (Sura #12) [continued] — bbox: (930, 3493, 1824, 229)
2026-05-10 02:43:36,445  core.coordinate_exporter        INFO        Line 11: TEXT — 3 segment(s), 2 separator(s)
2026-05-10 02:43:36,446  core.coordinate_exporter        INFO          ✦ Aya 28 of يوسف (Sura #12) — bbox: (1794, 3785, 1638, 296)
2026-05-10 02:43:36,447  core.coordinate_exporter        INFO          ✦ Aya 29 of يوسف (Sura #12) — bbox: (473, 3785, 1321, 296)
2026-05-10 02:43:36,447  core.coordinate_exporter        INFO          … Aya 30 of يوسف (Sura #12) [continued] — bbox: (252, 3785, 221, 296)
2026-05-10 02:43:36,448  core.coordinate_exporter        INFO        Line 12: TEXT — 3 segment(s), 2 separator(s)
2026-05-10 02:43:36,449  core.coordinate_exporter        INFO          ✦ Aya 30 of يوسف (Sura #12) — bbox: (2223, 4121, 1209, 297)
2026-05-10 02:43:36,449  core.coordinate_exporter        INFO          ✦ Aya 31 of يوسف (Sura #12) — bbox: (991, 4121, 1232, 297)
2026-05-10 02:43:36,449  core.coordinate_exporter        INFO          … Aya 32 of يوسف (Sura #12) [continued] — bbox: (251, 4121, 740, 297)
2026-05-10 02:43:36,450  core.coordinate_exporter        INFO        Line 13: TEXT — 3 segment(s), 3 separator(s)
2026-05-10 02:43:36,450  core.coordinate_exporter        INFO          ✦ Aya 32 of يوسف (Sura #12) — bbox: (2703, 4473, 729, 298)
2026-05-10 02:43:36,450  core.coordinate_exporter        INFO          ✦ Aya 33 of يوسف (Sura #12) — bbox: (1323, 4473, 1380, 298)
2026-05-10 02:43:36,450  core.coordinate_exporter        INFO          ✦ Aya 34 of يوسف (Sura #12) — bbox: (246, 4473, 1077, 298)
2026-05-10 02:43:36,451  core.coordinate_exporter        INFO        Line 14: TEXT — 3 segment(s), 2 separator(s)
2026-05-10 02:43:36,451  core.coordinate_exporter        INFO          ✦ Aya 35 of يوسف (Sura #12) — bbox: (1939, 4855, 1493, 268)
2026-05-10 02:43:36,451  core.coordinate_exporter        INFO          ✦ Aya 36 of يوسف (Sura #12) — bbox: (619, 4855, 1320, 268)
2026-05-10 02:43:36,451  core.coordinate_exporter        INFO          … Aya 37 of يوسف (Sura #12) [continued] — bbox: (255, 4855, 364, 268)
2026-05-10 02:43:36,452  core.coordinate_exporter        INFO        Line 15: TEXT — 3 segment(s), 3 separator(s)
2026-05-10 02:43:36,452  core.coordinate_exporter        INFO          ✦ Aya 37 of يوسف (Sura #12) — bbox: (2793, 5172, 639, 299)
2026-05-10 02:43:36,452  core.coordinate_exporter        INFO          ✦ Aya 38 of يوسف (Sura #12) — bbox: (1207, 5172, 1586, 299)
2026-05-10 02:43:36,452  core.coordinate_exporter        INFO          ✦ Aya 39 of يوسف (Sura #12) — bbox: (246, 5172, 961, 299)
2026-05-10 02:43:36,507  core.page_processor             INFO          Saved results\598-l01-s01-sura012-aya014.png
2026-05-10 02:43:36,557  core.page_processor             INFO          Saved results\598-l01-s02-sura012-aya015.png
2026-05-10 02:43:36,616  core.page_processor             INFO          Saved results\598-l01-s03-sura012-aya016.png
2026-05-10 02:43:36,689  core.page_processor             INFO          Saved results\598-l02-s01-sura012-aya017.png
2026-05-10 02:43:36,738  core.page_processor             INFO          Saved results\598-l02-s02-sura012-aya018.png
2026-05-10 02:43:36,784  core.page_processor             INFO          Saved results\598-l02-s03-sura012-aya019.png
2026-05-10 02:43:36,792  core.page_processor             INFO          Saved results\598-l03-sura012-aya020.png
2026-05-10 02:43:36,828  core.page_processor             INFO          Saved results\598-l04-sura012-aya020.png
2026-05-10 02:43:36,852  core.page_processor             INFO          Saved results\598-l05-s01-sura012-aya020.png
2026-05-10 02:43:36,873  core.page_processor             INFO          Saved results\598-l05-s02-sura012-aya021.png
2026-05-10 02:43:36,901  core.page_processor             INFO          Saved results\598-l05-s03-sura012-aya022.png
2026-05-10 02:43:36,944  core.page_processor             INFO          Saved results\598-l06-s01-sura012-aya023.png
2026-05-10 02:43:36,976  core.page_processor             INFO          Saved results\598-l06-s02-sura012-aya024.png
2026-05-10 02:43:37,044  core.page_processor             INFO          Saved results\598-l07-sura012-aya025.png
2026-05-10 02:43:37,085  core.page_processor             INFO          Saved results\598-l08-s01-sura012-aya026.png
2026-05-10 02:43:37,132  core.page_processor             INFO          Saved results\598-l08-s02-sura012-aya027.png
2026-05-10 02:43:37,149  core.page_processor             INFO          Saved results\598-l09-sura012-aya028.png
2026-05-10 02:43:37,191  core.page_processor             INFO          Saved results\598-l10-sura012-aya028.png
2026-05-10 02:43:37,253  core.page_processor             INFO          Saved results\598-l11-s01-sura012-aya028.png
2026-05-10 02:43:37,339  core.page_processor             INFO          Saved results\598-l11-s02-sura012-aya029.png
2026-05-10 02:43:37,355  core.page_processor             INFO          Saved results\598-l11-s03-sura012-aya030.png
2026-05-10 02:43:37,387  core.page_processor             INFO          Saved results\598-l12-s01-sura012-aya030.png
2026-05-10 02:43:37,424  core.page_processor             INFO          Saved results\598-l12-s02-sura012-aya031.png
2026-05-10 02:43:37,446  core.page_processor             INFO          Saved results\598-l12-s03-sura012-aya032.png
2026-05-10 02:43:37,467  core.page_processor             INFO          Saved results\598-l13-s01-sura012-aya032.png
2026-05-10 02:43:37,527  core.page_processor             INFO          Saved results\598-l13-s02-sura012-aya033.png
2026-05-10 02:43:37,564  core.page_processor             INFO          Saved results\598-l13-s03-sura012-aya034.png
2026-05-10 02:43:37,630  core.page_processor             INFO          Saved results\598-l14-s01-sura012-aya035.png
2026-05-10 02:43:37,685  core.page_processor             INFO          Saved results\598-l14-s02-sura012-aya036.png
2026-05-10 02:43:37,705  core.page_processor             INFO          Saved results\598-l14-s03-sura012-aya037.png
2026-05-10 02:43:37,736  core.page_processor             INFO          Saved results\598-l15-s01-sura012-aya037.png
2026-05-10 02:43:37,840  core.page_processor             INFO          Saved results\598-l15-s02-sura012-aya038.png
2026-05-10 02:43:37,888  core.page_processor             INFO          Saved results\598-l15-s03-sura012-aya039.png
2026-05-10 02:43:37,889  core.page_processor             INFO        Exported 33 image(s) for 598.png
2026-05-10 02:43:37,889  core.page_processor             INFO        Finished 598.png: detected=15 lines
2026-05-10 02:43:37,890  core.pipeline                   INFO      Processing 599.png
2026-05-10 02:43:38,114  core.page_processor             INFO      
2026-05-10 02:43:38,115  core.page_processor             INFO      ━━━━━━━━━━━━━━━━━━━━━━━━━━━━━━━━━━━━━━━━━━━━━━━━━━
2026-05-10 02:43:38,117  core.page_processor             INFO      📄 PAGE 17 — 599.png
2026-05-10 02:43:38,117  core.page_processor             INFO      ━━━━━━━━━━━━━━━━━━━━━━━━━━━━━━━━━━━━━━━━━━━━━━━━━━
2026-05-10 02:43:38,151  core.line_detector              INFO        Detected 15 lines
2026-05-10 02:43:38,198  core.classifier                 INFO        line 1: score=0.2343
2026-05-10 02:43:38,231  core.classifier                 INFO        line 2: score=0.2169
2026-05-10 02:43:38,274  core.classifier                 INFO        line 3: score=0.2087
2026-05-10 02:43:38,275  core.page_processor             WARNING     Classification failed, skipping: OpenCV(4.13.0) D:\a\opencv-python\opencv-python\opencv\modules\imgproc\src\templmatch.cpp:1179: error: (-215:Assertion failed) _img.size().height <= _templ.size().height && _img.size().width <= _templ.size().width in function 'cv::matchTemplate'

2026-05-10 02:43:39,184  core.aya_separator              INFO        Line 1: 3 segment(s), 2 separator(s)
2026-05-10 02:43:40,046  core.aya_separator              INFO        Line 2: 3 segment(s), 3 separator(s)
2026-05-10 02:43:40,968  core.aya_separator              INFO        Line 3: 2 segment(s), 2 separator(s)
2026-05-10 02:43:42,273  core.aya_separator              INFO        Line 6: 2 segment(s), 2 separator(s)
2026-05-10 02:43:43,085  core.aya_separator              INFO        Line 7: 2 segment(s), 1 separator(s)
2026-05-10 02:43:44,093  core.aya_separator              INFO        Line 8: 2 segment(s), 2 separator(s)
2026-05-10 02:43:46,377  core.aya_separator              INFO        Line 12: 3 segment(s), 2 separator(s)
2026-05-10 02:43:47,053  core.aya_separator              INFO        Line 13: 2 segment(s), 1 separator(s)
2026-05-10 02:43:47,879  core.aya_separator              INFO        Line 14: 2 segment(s), 1 separator(s)
2026-05-10 02:43:48,713  core.aya_separator              INFO        Line 15: 1 segment(s), 1 separator(s)
2026-05-10 02:43:48,715  core.coordinate_exporter        INFO        Line 1: TEXT — 3 segment(s), 2 separator(s)
2026-05-10 02:43:48,717  core.coordinate_exporter        INFO          ✦ Aya 40 of يوسف (Sura #12) — bbox: (2163, 281, 1288, 308)
2026-05-10 02:43:48,718  core.coordinate_exporter        INFO          ✦ Aya 41 of يوسف (Sura #12) — bbox: (976, 281, 1187, 308)
2026-05-10 02:43:48,720  core.coordinate_exporter        INFO          … Aya 42 of يوسف (Sura #12) [continued] — bbox: (270, 281, 706, 308)
2026-05-10 02:43:48,722  core.coordinate_exporter        INFO        Line 2: TEXT — 3 segment(s), 3 separator(s)
2026-05-10 02:43:48,724  core.coordinate_exporter        INFO          ✦ Aya 42 of يوسف (Sura #12) — bbox: (2366, 651, 1086, 309)
2026-05-10 02:43:48,725  core.coordinate_exporter        INFO          ✦ Aya 43 of يوسف (Sura #12) — bbox: (1093, 651, 1273, 309)
2026-05-10 02:43:48,729  core.coordinate_exporter        INFO          ✦ Aya 44 of يوسف (Sura #12) — bbox: (262, 651, 831, 309)
2026-05-10 02:43:48,735  core.coordinate_exporter        INFO        Line 3: TEXT — 2 segment(s), 2 separator(s)
2026-05-10 02:43:48,738  core.coordinate_exporter        INFO          ✦ Aya 45 of يوسف (Sura #12) — bbox: (2373, 1000, 1079, 302)
2026-05-10 02:43:48,742  core.coordinate_exporter        INFO          ✦ Aya 46 of يوسف (Sura #12) — bbox: (262, 1000, 2111, 302)
2026-05-10 02:43:48,743  core.coordinate_exporter        INFO        Line 4: TEXT — 1 segment(s), 0 separator(s)
2026-05-10 02:43:48,754  core.coordinate_exporter        INFO          … Aya 47 of يوسف (Sura #12) [continued] — bbox: (1488, 1451, 747, 172)
2026-05-10 02:43:48,763  core.coordinate_exporter        INFO        Line 5: TEXT — 1 segment(s), 0 separator(s)
2026-05-10 02:43:48,767  core.coordinate_exporter        INFO          … Aya 47 of يوسف (Sura #12) [continued] — bbox: (949, 1749, 1825, 228)
2026-05-10 02:43:48,767  core.coordinate_exporter        INFO        Line 6: TEXT — 2 segment(s), 2 separator(s)
2026-05-10 02:43:48,768  core.coordinate_exporter        INFO          ✦ Aya 47 of يوسف (Sura #12) — bbox: (1992, 2032, 1460, 300)
2026-05-10 02:43:48,768  core.coordinate_exporter        INFO          ✦ Aya 48 of يوسف (Sura #12) — bbox: (261, 2032, 1731, 300)
2026-05-10 02:43:48,770  core.coordinate_exporter        INFO        Line 7: TEXT — 2 segment(s), 1 separator(s)
2026-05-10 02:43:48,772  core.coordinate_exporter        INFO          ✦ Aya 49 of يوسف (Sura #12) — bbox: (1697, 2389, 1755, 319)
2026-05-10 02:43:48,773  core.coordinate_exporter        INFO          … Aya 50 of يوسف (Sura #12) [continued] — bbox: (270, 2389, 1427, 319)
2026-05-10 02:43:48,773  core.coordinate_exporter        INFO        Line 8: TEXT — 2 segment(s), 2 separator(s)
2026-05-10 02:43:48,774  core.coordinate_exporter        INFO          ✦ Aya 50 of يوسف (Sura #12) — bbox: (2016, 2753, 1436, 329)
2026-05-10 02:43:48,774  core.coordinate_exporter        INFO          ✦ Aya 51 of يوسف (Sura #12) — bbox: (268, 2753, 1748, 329)
2026-05-10 02:43:48,775  core.coordinate_exporter        INFO        Line 9: TEXT — 1 segment(s), 0 separator(s)
2026-05-10 02:43:48,776  core.coordinate_exporter        INFO          … Aya 52 of يوسف (Sura #12) [continued] — bbox: (1524, 3250, 675, 140)
2026-05-10 02:43:48,777  core.coordinate_exporter        INFO        Line 10: TEXT — 1 segment(s), 0 separator(s)
2026-05-10 02:43:48,785  core.coordinate_exporter        INFO          … Aya 52 of يوسف (Sura #12) [continued] — bbox: (949, 3509, 1825, 228)
2026-05-10 02:43:48,792  core.coordinate_exporter        INFO        Line 11: TEXT — 1 segment(s), 0 separator(s)
2026-05-10 02:43:48,795  core.coordinate_exporter        INFO          … Aya 52 of يوسف (Sura #12) [continued] — bbox: (271, 3779, 3181, 296)
2026-05-10 02:43:48,801  core.coordinate_exporter        INFO        Line 12: TEXT — 3 segment(s), 2 separator(s)
2026-05-10 02:43:48,801  core.coordinate_exporter        INFO          ✦ Aya 52 of يوسف (Sura #12) — bbox: (2539, 4127, 914, 296)
2026-05-10 02:43:48,802  core.coordinate_exporter        INFO          ✦ Aya 53 of يوسف (Sura #12) — bbox: (733, 4127, 1806, 296)
2026-05-10 02:43:48,804  core.coordinate_exporter        INFO          … Aya 54 of يوسف (Sura #12) [continued] — bbox: (271, 4127, 462, 296)
2026-05-10 02:43:48,804  core.coordinate_exporter        INFO        Line 13: TEXT — 2 segment(s), 1 separator(s)
2026-05-10 02:43:48,805  core.coordinate_exporter        INFO          ✦ Aya 54 of يوسف (Sura #12) — bbox: (2977, 4495, 476, 283)
2026-05-10 02:43:48,806  core.coordinate_exporter        INFO          … Aya 55 of يوسف (Sura #12) [continued] — bbox: (271, 4495, 2706, 283)
2026-05-10 02:43:48,807  core.coordinate_exporter        INFO        Line 14: TEXT — 2 segment(s), 1 separator(s)
2026-05-10 02:43:48,807  core.coordinate_exporter        INFO          ✦ Aya 55 of يوسف (Sura #12) — bbox: (2896, 4833, 557, 291)
2026-05-10 02:43:48,808  core.coordinate_exporter        INFO          … Aya 56 of يوسف (Sura #12) [continued] — bbox: (271, 4833, 2625, 291)
2026-05-10 02:43:48,810  core.coordinate_exporter        INFO        Line 15: TEXT — 1 segment(s), 1 separator(s)
2026-05-10 02:43:48,810  core.coordinate_exporter        INFO          ✦ Aya 56 of يوسف (Sura #12) — bbox: (269, 5180, 3184, 292)
2026-05-10 02:43:48,881  core.page_processor             INFO          Saved results\599-l01-s01-sura012-aya040.png
2026-05-10 02:43:48,942  core.page_processor             INFO          Saved results\599-l01-s02-sura012-aya041.png
2026-05-10 02:43:48,971  core.page_processor             INFO          Saved results\599-l01-s03-sura012-aya042.png
2026-05-10 02:43:49,038  core.page_processor             INFO          Saved results\599-l02-s01-sura012-aya042.png
2026-05-10 02:43:49,104  core.page_processor             INFO          Saved results\599-l02-s02-sura012-aya043.png
2026-05-10 02:43:49,146  core.page_processor             INFO          Saved results\599-l02-s03-sura012-aya044.png
2026-05-10 02:43:49,191  core.page_processor             INFO          Saved results\599-l03-s01-sura012-aya045.png
2026-05-10 02:43:49,270  core.page_processor             INFO          Saved results\599-l03-s02-sura012-aya046.png
2026-05-10 02:43:49,296  core.page_processor             INFO          Saved results\599-l04-sura012-aya047.png
2026-05-10 02:43:49,349  core.page_processor             INFO          Saved results\599-l05-sura012-aya047.png
2026-05-10 02:43:49,390  core.page_processor             INFO          Saved results\599-l06-s01-sura012-aya047.png
2026-05-10 02:43:49,438  core.page_processor             INFO          Saved results\599-l06-s02-sura012-aya048.png
2026-05-10 02:43:49,522  core.page_processor             INFO          Saved results\599-l07-s01-sura012-aya049.png
2026-05-10 02:43:49,662  core.page_processor             INFO          Saved results\599-l07-s02-sura012-aya050.png
2026-05-10 02:43:49,737  core.page_processor             INFO          Saved results\599-l08-s01-sura012-aya050.png
2026-05-10 02:43:49,834  core.page_processor             INFO          Saved results\599-l08-s02-sura012-aya051.png
2026-05-10 02:43:49,853  core.page_processor             INFO          Saved results\599-l09-sura012-aya052.png
2026-05-10 02:43:49,922  core.page_processor             INFO          Saved results\599-l10-sura012-aya052.png
2026-05-10 02:43:50,095  core.page_processor             INFO          Saved results\599-l11-sura012-aya052.png
2026-05-10 02:43:50,214  core.page_processor             INFO          Saved results\599-l12-s01-sura012-aya052.png
2026-05-10 02:43:50,286  core.page_processor             INFO          Saved results\599-l12-s02-sura012-aya053.png
2026-05-10 02:43:50,308  core.page_processor             INFO          Saved results\599-l12-s03-sura012-aya054.png
2026-05-10 02:43:50,332  core.page_processor             INFO          Saved results\599-l13-s01-sura012-aya054.png
2026-05-10 02:43:50,455  core.page_processor             INFO          Saved results\599-l13-s02-sura012-aya055.png
2026-05-10 02:43:50,508  core.page_processor             INFO          Saved results\599-l14-s01-sura012-aya055.png
2026-05-10 02:43:50,645  core.page_processor             INFO          Saved results\599-l14-s02-sura012-aya056.png
2026-05-10 02:43:50,824  core.page_processor             INFO          Saved results\599-l15-sura012-aya056.png
2026-05-10 02:43:50,826  core.page_processor             INFO        Exported 27 image(s) for 599.png
2026-05-10 02:43:50,831  core.page_processor             INFO        Finished 599.png: detected=15 lines
2026-05-10 02:43:50,832  core.pipeline                   INFO      Processing 600.png
2026-05-10 02:43:51,057  core.page_processor             INFO      
2026-05-10 02:43:51,057  core.page_processor             INFO      ━━━━━━━━━━━━━━━━━━━━━━━━━━━━━━━━━━━━━━━━━━━━━━━━━━
2026-05-10 02:43:51,057  core.page_processor             INFO      📄 PAGE 18 — 600.png
2026-05-10 02:43:51,058  core.page_processor             INFO      ━━━━━━━━━━━━━━━━━━━━━━━━━━━━━━━━━━━━━━━━━━━━━━━━━━
2026-05-10 02:43:51,082  core.line_detector              INFO        Detected 15 lines
2026-05-10 02:43:51,130  core.classifier                 INFO        line 1: score=0.2358
2026-05-10 02:43:51,189  core.classifier                 INFO        line 2: score=0.2606
2026-05-10 02:43:51,244  core.classifier                 INFO        line 3: score=0.2224
2026-05-10 02:43:51,322  core.classifier                 INFO        line 4: score=0.2238
2026-05-10 02:43:51,394  core.classifier                 INFO        line 5: score=0.2571
2026-05-10 02:43:51,405  core.classifier                 INFO        line 6: score=0.9798 → SURA
2026-05-10 02:43:51,434  core.classifier                 INFO        line 7: score=0.2371
2026-05-10 02:43:51,508  core.classifier                 INFO        line 8: score=0.1814
2026-05-10 02:43:51,600  core.classifier                 INFO        line 9: score=0.2127
2026-05-10 02:43:51,676  core.classifier                 INFO        line 10: score=0.2699
2026-05-10 02:43:51,743  core.classifier                 INFO        line 11: score=0.2450
2026-05-10 02:43:51,754  core.classifier                 INFO        line 12: score=0.9868 → SURA
2026-05-10 02:43:51,783  core.classifier                 INFO        line 13: score=0.2372
2026-05-10 02:43:51,841  core.classifier                 INFO        line 14: score=0.2862
2026-05-10 02:43:51,890  core.classifier                 INFO        line 15: score=0.2313
2026-05-10 02:43:53,680  core.aya_separator              INFO        Line 2: 2 segment(s), 1 separator(s)
2026-05-10 02:43:54,394  core.aya_separator              INFO        Line 3: 2 segment(s), 1 separator(s)
2026-05-10 02:43:56,102  core.aya_separator              INFO        Line 5: 1 segment(s), 1 separator(s)
2026-05-10 02:43:57,263  core.aya_separator              INFO        Line 8: 3 segment(s), 2 separator(s)
2026-05-10 02:43:58,110  core.aya_separator              INFO        Line 9: 3 segment(s), 3 separator(s)
2026-05-10 02:43:58,959  core.aya_separator              INFO        Line 10: 2 segment(s), 1 separator(s)
2026-05-10 02:43:59,549  core.aya_separator              INFO        Line 11: 2 segment(s), 2 separator(s)
2026-05-10 02:44:00,566  core.aya_separator              INFO        Line 14: 3 segment(s), 2 separator(s)
2026-05-10 02:44:01,321  core.aya_separator              INFO        Line 15: 3 segment(s), 3 separator(s)
2026-05-10 02:44:01,321  core.coordinate_exporter        INFO        Line 1: TEXT — 1 segment(s), 0 separator(s)
2026-05-10 02:44:01,321  core.coordinate_exporter        INFO          … Aya 57 of يوسف (Sura #12) [continued] — bbox: (249, 300, 3184, 305)
2026-05-10 02:44:01,322  core.coordinate_exporter        INFO        Line 2: TEXT — 2 segment(s), 1 separator(s)
2026-05-10 02:44:01,322  core.coordinate_exporter        INFO          ✦ Aya 57 of يوسف (Sura #12) — bbox: (1264, 662, 2169, 284)
2026-05-10 02:44:01,322  core.coordinate_exporter        INFO          … Aya 58 of يوسف (Sura #12) [continued] — bbox: (249, 662, 1015, 284)
2026-05-10 02:44:01,323  core.coordinate_exporter        INFO        Line 3: TEXT — 2 segment(s), 1 separator(s)
2026-05-10 02:44:01,323  core.coordinate_exporter        INFO          ✦ Aya 58 of يوسف (Sura #12) — bbox: (786, 1003, 2647, 277)
2026-05-10 02:44:01,324  core.coordinate_exporter        INFO          … Aya 59 of يوسف (Sura #12) [continued] — bbox: (249, 1003, 537, 277)
2026-05-10 02:44:01,324  core.coordinate_exporter        INFO        Line 4: TEXT — 1 segment(s), 0 separator(s)
2026-05-10 02:44:01,324  core.coordinate_exporter        INFO          … Aya 59 of يوسف (Sura #12) [continued] — bbox: (249, 1361, 3184, 293)
2026-05-10 02:44:01,324  core.coordinate_exporter        INFO        Line 5: TEXT — 1 segment(s), 1 separator(s)
2026-05-10 02:44:01,325  core.coordinate_exporter        INFO          ✦ Aya 59 of يوسف (Sura #12) — bbox: (242, 1703, 3191, 285)
2026-05-10 02:44:01,325  core.coordinate_exporter        INFO        Line 6: 📖 SURA HEADER — Starting Sura #13: الرعد (Ar-Ra'd)
2026-05-10 02:44:01,326  core.coordinate_exporter        INFO          Total ayas in this sura: 43
2026-05-10 02:44:01,327  core.coordinate_exporter        INFO        Line 7: ﷽  BASMALA — Sura #13 (الرعد)
2026-05-10 02:44:01,330  core.coordinate_exporter        INFO        Line 8: TEXT — 3 segment(s), 2 separator(s)
2026-05-10 02:44:01,331  core.coordinate_exporter        INFO          ✦ Aya 1 of الرعد (Sura #13) — bbox: (1967, 2731, 1466, 310)
2026-05-10 02:44:01,332  core.coordinate_exporter        INFO          ✦ Aya 2 of الرعد (Sura #13) — bbox: (498, 2731, 1469, 310)
2026-05-10 02:44:01,332  core.coordinate_exporter        INFO          … Aya 3 of الرعد (Sura #13) [continued] — bbox: (249, 2731, 249, 310)
2026-05-10 02:44:01,333  core.coordinate_exporter        INFO        Line 9: TEXT — 3 segment(s), 3 separator(s)
2026-05-10 02:44:01,334  core.coordinate_exporter        INFO          ✦ Aya 3 of الرعد (Sura #13) — bbox: (2571, 3102, 862, 290)
2026-05-10 02:44:01,334  core.coordinate_exporter        INFO          ✦ Aya 4 of الرعد (Sura #13) — bbox: (1333, 3102, 1238, 290)
2026-05-10 02:44:01,336  core.coordinate_exporter        INFO          ✦ Aya 5 of الرعد (Sura #13) — bbox: (248, 3102, 1085, 290)
2026-05-10 02:44:01,336  core.coordinate_exporter        INFO        Line 10: TEXT — 2 segment(s), 1 separator(s)
2026-05-10 02:44:01,337  core.coordinate_exporter        INFO          ✦ Aya 6 of الرعد (Sura #13) — bbox: (906, 3458, 2527, 278)
2026-05-10 02:44:01,337  core.coordinate_exporter        INFO          … Aya 7 of الرعد (Sura #13) [continued] — bbox: (249, 3458, 657, 278)
2026-05-10 02:44:01,337  core.coordinate_exporter        INFO        Line 11: TEXT — 2 segment(s), 2 separator(s)
2026-05-10 02:44:01,338  core.coordinate_exporter        INFO          ✦ Aya 7 of الرعد (Sura #13) — bbox: (2132, 3822, 1301, 254)
2026-05-10 02:44:01,338  core.coordinate_exporter        INFO          ✦ Aya 8 of الرعد (Sura #13) — bbox: (242, 3822, 1890, 254)
2026-05-10 02:44:01,339  core.coordinate_exporter        INFO        Line 12: 📖 SURA HEADER — Starting Sura #14: إبراهيم (Ibrahim)
2026-05-10 02:44:01,339  core.coordinate_exporter        INFO          Total ayas in this sura: 52
2026-05-10 02:44:01,339  core.coordinate_exporter        INFO        Line 13: ﷽  BASMALA — Sura #14 (إبراهيم)
2026-05-10 02:44:01,341  core.coordinate_exporter        INFO        Line 14: TEXT — 3 segment(s), 2 separator(s)
2026-05-10 02:44:01,342  core.coordinate_exporter        INFO          ✦ Aya 1 of إبراهيم (Sura #14) — bbox: (2221, 4842, 1213, 279)
2026-05-10 02:44:01,343  core.coordinate_exporter        INFO          ✦ Aya 2 of إبراهيم (Sura #14) — bbox: (970, 4842, 1251, 279)
2026-05-10 02:44:01,343  core.coordinate_exporter        INFO          … Aya 3 of إبراهيم (Sura #14) [continued] — bbox: (250, 4842, 720, 279)
2026-05-10 02:44:01,343  core.coordinate_exporter        INFO        Line 15: TEXT — 3 segment(s), 3 separator(s)
2026-05-10 02:44:01,344  core.coordinate_exporter        INFO          ✦ Aya 3 of إبراهيم (Sura #14) — bbox: (2847, 5217, 587, 259)
2026-05-10 02:44:01,344  core.coordinate_exporter        INFO          ✦ Aya 4 of إبراهيم (Sura #14) — bbox: (1669, 5217, 1178, 259)
2026-05-10 02:44:01,344  core.coordinate_exporter        INFO          ✦ Aya 5 of إبراهيم (Sura #14) — bbox: (248, 5217, 1421, 259)
2026-05-10 02:44:01,451  core.page_processor             INFO          Saved results\600-l01-sura012-aya057.png
2026-05-10 02:44:01,512  core.page_processor             INFO          Saved results\600-l02-s01-sura012-aya057.png
2026-05-10 02:44:01,556  core.page_processor             INFO          Saved results\600-l02-s02-sura012-aya058.png
2026-05-10 02:44:01,663  core.page_processor             INFO          Saved results\600-l03-s01-sura012-aya058.png
2026-05-10 02:44:01,675  core.page_processor             INFO          Saved results\600-l03-s02-sura012-aya059.png
2026-05-10 02:44:01,745  core.page_processor             INFO          Saved results\600-l04-sura012-aya059.png
2026-05-10 02:44:01,817  core.page_processor             INFO          Saved results\600-l05-sura012-aya059.png
2026-05-10 02:44:01,891  core.page_processor             INFO          Saved results\600-l06-sura013-header.png
2026-05-10 02:44:01,978  core.page_processor             INFO          Saved results\600-l07-sura013-basmala.png
2026-05-10 02:44:02,042  core.page_processor             INFO          Saved results\600-l08-s01-sura013-aya001.png
2026-05-10 02:44:02,107  core.page_processor             INFO          Saved results\600-l08-s02-sura013-aya002.png
2026-05-10 02:44:02,117  core.page_processor             INFO          Saved results\600-l08-s03-sura013-aya003.png
2026-05-10 02:44:02,143  core.page_processor             INFO          Saved results\600-l09-s01-sura013-aya003.png
2026-05-10 02:44:02,184  core.page_processor             INFO          Saved results\600-l09-s02-sura013-aya004.png
2026-05-10 02:44:02,230  core.page_processor             INFO          Saved results\600-l09-s03-sura013-aya005.png
2026-05-10 02:44:02,319  core.page_processor             INFO          Saved results\600-l10-s01-sura013-aya006.png
2026-05-10 02:44:02,350  core.page_processor             INFO          Saved results\600-l10-s02-sura013-aya007.png
2026-05-10 02:44:02,416  core.page_processor             INFO          Saved results\600-l11-s01-sura013-aya007.png
2026-05-10 02:44:02,498  core.page_processor             INFO          Saved results\600-l11-s02-sura013-aya008.png
2026-05-10 02:44:02,626  core.page_processor             INFO          Saved results\600-l12-sura014-header.png
2026-05-10 02:44:02,757  core.page_processor             INFO          Saved results\600-l13-sura014-basmala.png
2026-05-10 02:44:02,815  core.page_processor             INFO          Saved results\600-l14-s01-sura014-aya001.png
2026-05-10 02:44:02,861  core.page_processor             INFO          Saved results\600-l14-s02-sura014-aya002.png
2026-05-10 02:44:02,887  core.page_processor             INFO          Saved results\600-l14-s03-sura014-aya003.png
2026-05-10 02:44:02,914  core.page_processor             INFO          Saved results\600-l15-s01-sura014-aya003.png
2026-05-10 02:44:02,946  core.page_processor             INFO          Saved results\600-l15-s02-sura014-aya004.png
2026-05-10 02:44:02,980  core.page_processor             INFO          Saved results\600-l15-s03-sura014-aya005.png
2026-05-10 02:44:02,981  core.page_processor             INFO        Exported 27 image(s) for 600.png
2026-05-10 02:44:02,981  core.page_processor             INFO        Finished 600.png: detected=15 lines
2026-05-10 02:44:02,981  core.pipeline                   INFO      Processing 601.png
2026-05-10 02:44:03,124  core.page_processor             INFO      
2026-05-10 02:44:03,124  core.page_processor             INFO      ━━━━━━━━━━━━━━━━━━━━━━━━━━━━━━━━━━━━━━━━━━━━━━━━━━
2026-05-10 02:44:03,125  core.page_processor             INFO      📄 PAGE 19 — 601.png
2026-05-10 02:44:03,125  core.page_processor             INFO      ━━━━━━━━━━━━━━━━━━━━━━━━━━━━━━━━━━━━━━━━━━━━━━━━━━
2026-05-10 02:44:03,151  core.line_detector              INFO        Detected 15 lines
2026-05-10 02:44:03,183  core.classifier                 INFO        line 1: score=0.2197
2026-05-10 02:44:03,211  core.classifier                 INFO        line 2: score=0.3305
2026-05-10 02:44:03,256  core.classifier                 INFO        line 3: score=0.2625
2026-05-10 02:44:03,265  core.classifier                 INFO        line 4: score=0.9681 → SURA
2026-05-10 02:44:03,277  core.classifier                 INFO        line 5: score=0.2363
2026-05-10 02:44:03,325  core.classifier                 INFO        line 6: score=0.1848
2026-05-10 02:44:03,376  core.classifier                 INFO        line 7: score=0.3033
2026-05-10 02:44:03,427  core.classifier                 INFO        line 8: score=0.2458
2026-05-10 02:44:03,484  core.classifier                 INFO        line 9: score=0.2271
2026-05-10 02:44:03,527  core.classifier                 INFO        line 10: score=0.1881
2026-05-10 02:44:03,537  core.classifier                 INFO        line 11: score=0.9966 → SURA
2026-05-10 02:44:03,551  core.classifier                 INFO        line 12: score=0.2372
2026-05-10 02:44:03,598  core.classifier                 INFO        line 13: score=0.2704
2026-05-10 02:44:03,640  core.classifier                 INFO        line 14: score=0.2729
2026-05-10 02:44:03,679  core.classifier                 INFO        line 15: score=0.2190
2026-05-10 02:44:04,594  core.aya_separator              INFO        Line 1: 3 segment(s), 2 separator(s)
2026-05-10 02:44:05,350  core.aya_separator              INFO        Line 2: 2 segment(s), 2 separator(s)
2026-05-10 02:44:05,947  core.aya_separator              INFO        Line 3: 2 segment(s), 2 separator(s)
2026-05-10 02:44:07,136  core.aya_separator              INFO        Line 6: 4 segment(s), 3 separator(s)
2026-05-10 02:44:07,912  core.aya_separator              INFO        Line 7: 2 segment(s), 1 separator(s)
2026-05-10 02:44:08,577  core.aya_separator              INFO        Line 8: 3 segment(s), 2 separator(s)
2026-05-10 02:44:09,345  core.aya_separator              INFO        Line 9: 3 segment(s), 3 separator(s)
2026-05-10 02:44:09,740  core.aya_separator              INFO        Line 10: 2 segment(s), 2 separator(s)
2026-05-10 02:44:11,181  core.aya_separator              INFO        Line 13: 4 segment(s), 3 separator(s)
2026-05-10 02:44:12,192  core.aya_separator              INFO        Line 14: 3 segment(s), 3 separator(s)
2026-05-10 02:44:13,223  core.aya_separator              INFO        Line 15: 2 segment(s), 2 separator(s)
2026-05-10 02:44:13,224  core.coordinate_exporter        INFO        Line 1: TEXT — 3 segment(s), 2 separator(s)
2026-05-10 02:44:13,224  core.coordinate_exporter        INFO          ✦ Aya 6 of إبراهيم (Sura #14) — bbox: (2083, 288, 1374, 299)
2026-05-10 02:44:13,224  core.coordinate_exporter        INFO          ✦ Aya 7 of إبراهيم (Sura #14) — bbox: (831, 288, 1252, 299)
2026-05-10 02:44:13,224  core.coordinate_exporter        INFO          … Aya 8 of إبراهيم (Sura #14) [continued] — bbox: (269, 288, 562, 299)
2026-05-10 02:44:13,225  core.coordinate_exporter        INFO        Line 2: TEXT — 2 segment(s), 2 separator(s)
2026-05-10 02:44:13,225  core.coordinate_exporter        INFO          ✦ Aya 8 of إبراهيم (Sura #14) — bbox: (2492, 635, 965, 283)
2026-05-10 02:44:13,225  core.coordinate_exporter        INFO          ✦ Aya 9 of إبراهيم (Sura #14) — bbox: (260, 635, 2232, 283)
2026-05-10 02:44:13,225  core.coordinate_exporter        INFO        Line 3: TEXT — 2 segment(s), 2 separator(s)
2026-05-10 02:44:13,226  core.coordinate_exporter        INFO          ✦ Aya 10 of إبراهيم (Sura #14) — bbox: (1929, 1013, 1527, 270)
2026-05-10 02:44:13,226  core.coordinate_exporter        INFO          ✦ Aya 11 of إبراهيم (Sura #14) — bbox: (260, 1013, 1669, 270)
2026-05-10 02:44:13,226  core.coordinate_exporter        INFO        Line 4: 📖 SURA HEADER — Starting Sura #15: الحجر (Al-Hijr)
2026-05-10 02:44:13,226  core.coordinate_exporter        INFO          Total ayas in this sura: 99
2026-05-10 02:44:13,227  core.coordinate_exporter        INFO        Line 5: ﷽  BASMALA — Sura #15 (الحجر)
2026-05-10 02:44:13,227  core.coordinate_exporter        INFO        Line 6: TEXT — 4 segment(s), 3 separator(s)
2026-05-10 02:44:13,227  core.coordinate_exporter        INFO          ✦ Aya 1 of الحجر (Sura #15) — bbox: (2756, 2017, 702, 303)
2026-05-10 02:44:13,227  core.coordinate_exporter        INFO          ✦ Aya 2 of الحجر (Sura #15) — bbox: (1907, 2017, 849, 303)
2026-05-10 02:44:13,227  core.coordinate_exporter        INFO          ✦ Aya 3 of الحجر (Sura #15) — bbox: (448, 2017, 1459, 303)
2026-05-10 02:44:13,228  core.coordinate_exporter        INFO          … Aya 4 of الحجر (Sura #15) [continued] — bbox: (263, 2017, 185, 303)
2026-05-10 02:44:13,228  core.coordinate_exporter        INFO        Line 7: TEXT — 2 segment(s), 1 separator(s)
2026-05-10 02:44:13,228  core.coordinate_exporter        INFO          ✦ Aya 4 of الحجر (Sura #15) — bbox: (1504, 2363, 1952, 298)
2026-05-10 02:44:13,228  core.coordinate_exporter        INFO          … Aya 5 of الحجر (Sura #15) [continued] — bbox: (268, 2363, 1236, 298)
2026-05-10 02:44:13,228  core.coordinate_exporter        INFO        Line 8: TEXT — 3 segment(s), 2 separator(s)
2026-05-10 02:44:13,229  core.coordinate_exporter        INFO          ✦ Aya 5 of الحجر (Sura #15) — bbox: (2690, 2714, 766, 294)
2026-05-10 02:44:13,229  core.coordinate_exporter        INFO          ✦ Aya 6 of الحجر (Sura #15) — bbox: (1111, 2714, 1579, 294)
2026-05-10 02:44:13,229  core.coordinate_exporter        INFO          … Aya 7 of الحجر (Sura #15) [continued] — bbox: (269, 2714, 842, 294)
2026-05-10 02:44:13,229  core.coordinate_exporter        INFO        Line 9: TEXT — 3 segment(s), 3 separator(s)
2026-05-10 02:44:13,229  core.coordinate_exporter        INFO          ✦ Aya 7 of الحجر (Sura #15) — bbox: (2826, 3096, 630, 269)
2026-05-10 02:44:13,230  core.coordinate_exporter        INFO          ✦ Aya 8 of الحجر (Sura #15) — bbox: (1178, 3096, 1648, 269)
2026-05-10 02:44:13,230  core.coordinate_exporter        INFO          ✦ Aya 9 of الحجر (Sura #15) — bbox: (260, 3096, 918, 269)
2026-05-10 02:44:13,230  core.coordinate_exporter        INFO        Line 10: TEXT — 2 segment(s), 2 separator(s)
2026-05-10 02:44:13,230  core.coordinate_exporter        INFO          ✦ Aya 10 of الحجر (Sura #15) — bbox: (1557, 3462, 1450, 234)
2026-05-10 02:44:13,231  core.coordinate_exporter        INFO          ✦ Aya 11 of الحجر (Sura #15) — bbox: (739, 3462, 818, 234)
2026-05-10 02:44:13,231  core.coordinate_exporter        INFO        Line 11: 📖 SURA HEADER — Starting Sura #16: النحل (An-Nahl)
2026-05-10 02:44:13,231  core.coordinate_exporter        INFO          Total ayas in this sura: 128
2026-05-10 02:44:13,231  core.coordinate_exporter        INFO        Line 12: ﷽  BASMALA — Sura #16 (النحل)
2026-05-10 02:44:13,231  core.coordinate_exporter        INFO        Line 13: TEXT — 4 segment(s), 3 separator(s)
2026-05-10 02:44:13,232  core.coordinate_exporter        INFO          ✦ Aya 1 of النحل (Sura #16) — bbox: (2516, 4449, 940, 304)
2026-05-10 02:44:13,232  core.coordinate_exporter        INFO          ✦ Aya 2 of النحل (Sura #16) — bbox: (1447, 4449, 1069, 304)
2026-05-10 02:44:13,232  core.coordinate_exporter        INFO          ✦ Aya 3 of النحل (Sura #16) — bbox: (423, 4449, 1024, 304)
2026-05-10 02:44:13,232  core.coordinate_exporter        INFO          … Aya 4 of النحل (Sura #16) [continued] — bbox: (268, 4449, 155, 304)
2026-05-10 02:44:13,233  core.coordinate_exporter        INFO        Line 14: TEXT — 3 segment(s), 3 separator(s)
2026-05-10 02:44:13,233  core.coordinate_exporter        INFO          ✦ Aya 4 of النحل (Sura #16) — bbox: (2414, 4821, 1051, 277)
2026-05-10 02:44:13,233  core.coordinate_exporter        INFO          ✦ Aya 5 of النحل (Sura #16) — bbox: (1105, 4821, 1309, 277)
2026-05-10 02:44:13,233  core.coordinate_exporter        INFO          ✦ Aya 6 of النحل (Sura #16) — bbox: (260, 4821, 845, 277)
2026-05-10 02:44:13,233  core.coordinate_exporter        INFO        Line 15: TEXT — 2 segment(s), 2 separator(s)
2026-05-10 02:44:13,234  core.coordinate_exporter        INFO          ✦ Aya 7 of النحل (Sura #16) — bbox: (2052, 5165, 1404, 289)
2026-05-10 02:44:13,234  core.coordinate_exporter        INFO          ✦ Aya 8 of النحل (Sura #16) — bbox: (262, 5165, 1790, 289)
2026-05-10 02:44:13,271  core.page_processor             INFO          Saved results\601-l01-s01-sura014-aya006.png
2026-05-10 02:44:13,325  core.page_processor             INFO          Saved results\601-l01-s02-sura014-aya007.png
2026-05-10 02:44:13,362  core.page_processor             INFO          Saved results\601-l01-s03-sura014-aya008.png
2026-05-10 02:44:13,393  core.page_processor             INFO          Saved results\601-l02-s01-sura014-aya008.png
2026-05-10 02:44:13,459  core.page_processor             INFO          Saved results\601-l02-s02-sura014-aya009.png
2026-05-10 02:44:13,502  core.page_processor             INFO          Saved results\601-l03-s01-sura014-aya010.png
2026-05-10 02:44:13,548  core.page_processor             INFO          Saved results\601-l03-s02-sura014-aya011.png
2026-05-10 02:44:13,617  core.page_processor             INFO          Saved results\601-l04-sura015-header.png
2026-05-10 02:44:13,728  core.page_processor             INFO          Saved results\601-l05-sura015-basmala.png
2026-05-10 02:44:13,766  core.page_processor             INFO          Saved results\601-l06-s01-sura015-aya001.png
2026-05-10 02:44:13,806  core.page_processor             INFO          Saved results\601-l06-s02-sura015-aya002.png
2026-05-10 02:44:13,879  core.page_processor             INFO          Saved results\601-l06-s03-sura015-aya003.png
2026-05-10 02:44:13,889  core.page_processor             INFO          Saved results\601-l06-s04-sura015-aya004.png
2026-05-10 02:44:13,973  core.page_processor             INFO          Saved results\601-l07-s01-sura015-aya004.png
2026-05-10 02:44:14,023  core.page_processor             INFO          Saved results\601-l07-s02-sura015-aya005.png
2026-05-10 02:44:14,050  core.page_processor             INFO          Saved results\601-l08-s01-sura015-aya005.png
2026-05-10 02:44:14,111  core.page_processor             INFO          Saved results\601-l08-s02-sura015-aya006.png
2026-05-10 02:44:14,137  core.page_processor             INFO          Saved results\601-l08-s03-sura015-aya007.png
2026-05-10 02:44:14,152  core.page_processor             INFO          Saved results\601-l09-s01-sura015-aya007.png
2026-05-10 02:44:14,196  core.page_processor             INFO          Saved results\601-l09-s02-sura015-aya008.png
2026-05-10 02:44:14,219  core.page_processor             INFO          Saved results\601-l09-s03-sura015-aya009.png
2026-05-10 02:44:14,260  core.page_processor             INFO          Saved results\601-l10-s01-sura015-aya010.png
2026-05-10 02:44:14,278  core.page_processor             INFO          Saved results\601-l10-s02-sura015-aya011.png
2026-05-10 02:44:14,473  core.page_processor             INFO          Saved results\601-l11-sura016-header.png
2026-05-10 02:44:14,588  core.page_processor             INFO          Saved results\601-l12-sura016-basmala.png
2026-05-10 02:44:14,655  core.page_processor             INFO          Saved results\601-l13-s01-sura016-aya001.png
2026-05-10 02:44:14,703  core.page_processor             INFO          Saved results\601-l13-s02-sura016-aya002.png
2026-05-10 02:44:14,757  core.page_processor             INFO          Saved results\601-l13-s03-sura016-aya003.png
2026-05-10 02:44:14,764  core.page_processor             INFO          Saved results\601-l13-s04-sura016-aya004.png
2026-05-10 02:44:14,796  core.page_processor             INFO          Saved results\601-l14-s01-sura016-aya004.png
2026-05-10 02:44:14,851  core.page_processor             INFO          Saved results\601-l14-s02-sura016-aya005.png
2026-05-10 02:44:14,880  core.page_processor             INFO          Saved results\601-l14-s03-sura016-aya006.png
2026-05-10 02:44:14,938  core.page_processor             INFO          Saved results\601-l15-s01-sura016-aya007.png
2026-05-10 02:44:14,997  core.page_processor             INFO          Saved results\601-l15-s02-sura016-aya008.png
2026-05-10 02:44:14,997  core.page_processor             INFO        Exported 34 image(s) for 601.png
2026-05-10 02:44:14,998  core.page_processor             INFO        Finished 601.png: detected=15 lines
2026-05-10 02:44:14,998  core.pipeline                   INFO      Processing 602.png
2026-05-10 02:44:15,218  core.page_processor             INFO      
2026-05-10 02:44:15,223  core.page_processor             INFO      ━━━━━━━━━━━━━━━━━━━━━━━━━━━━━━━━━━━━━━━━━━━━━━━━━━
2026-05-10 02:44:15,226  core.page_processor             INFO      📄 PAGE 20 — 602.png
2026-05-10 02:44:15,227  core.page_processor             INFO      ━━━━━━━━━━━━━━━━━━━━━━━━━━━━━━━━━━━━━━━━━━━━━━━━━━
2026-05-10 02:44:15,259  core.line_detector              INFO        Detected 15 lines
2026-05-10 02:44:15,276  core.classifier                 INFO        line 1: score=0.9732 → SURA
2026-05-10 02:44:15,300  core.classifier                 INFO        line 2: score=0.2362
2026-05-10 02:44:15,388  core.classifier                 INFO        line 3: score=0.2737
2026-05-10 02:44:15,463  core.classifier                 INFO        line 4: score=0.2401
2026-05-10 02:44:15,466  core.page_processor             WARNING     Classification failed, skipping: OpenCV(4.13.0) D:\a\opencv-python\opencv-python\opencv\modules\imgproc\src\templmatch.cpp:1179: error: (-215:Assertion failed) _img.size().height <= _templ.size().height && _img.size().width <= _templ.size().width in function 'cv::matchTemplate'

2026-05-10 02:44:17,203  core.aya_separator              INFO        Line 3: 3 segment(s), 2 separator(s)
2026-05-10 02:44:18,028  core.aya_separator              INFO        Line 4: 1 segment(s), 1 separator(s)
2026-05-10 02:44:19,369  core.aya_separator              INFO        Line 7: 2 segment(s), 2 separator(s)
2026-05-10 02:44:20,184  core.aya_separator              INFO        Line 8: 2 segment(s), 2 separator(s)
2026-05-10 02:44:20,906  core.aya_separator              INFO        Line 9: 3 segment(s), 2 separator(s)
2026-05-10 02:44:21,758  core.aya_separator              INFO        Line 10: 3 segment(s), 3 separator(s)
2026-05-10 02:44:22,973  core.aya_separator              INFO        Line 13: 2 segment(s), 1 separator(s)
2026-05-10 02:44:23,696  core.aya_separator              INFO        Line 14: 2 segment(s), 2 separator(s)
2026-05-10 02:44:24,354  core.aya_separator              INFO        Line 15: 2 segment(s), 2 separator(s)
2026-05-10 02:44:24,355  core.coordinate_exporter        INFO        Line 1: 📖 SURA HEADER — Starting Sura #17: الإسراء (Al-Isra)
2026-05-10 02:44:24,355  core.coordinate_exporter        INFO          Total ayas in this sura: 111
2026-05-10 02:44:24,355  core.coordinate_exporter        INFO        Line 2: ﷽  BASMALA — Sura #17 (الإسراء)
2026-05-10 02:44:24,355  core.coordinate_exporter        INFO        Line 3: TEXT — 3 segment(s), 2 separator(s)
2026-05-10 02:44:24,356  core.coordinate_exporter        INFO          ✦ Aya 1 of الإسراء (Sura #17) — bbox: (2744, 974, 679, 319)
2026-05-10 02:44:24,356  core.coordinate_exporter        INFO          ✦ Aya 2 of الإسراء (Sura #17) — bbox: (1254, 974, 1490, 319)
2026-05-10 02:44:24,356  core.coordinate_exporter        INFO          … Aya 3 of الإسراء (Sura #17) [continued] — bbox: (261, 974, 993, 319)
2026-05-10 02:44:24,356  core.coordinate_exporter        INFO        Line 4: TEXT — 1 segment(s), 1 separator(s)
2026-05-10 02:44:24,356  core.coordinate_exporter        INFO          ✦ Aya 3 of الإسراء (Sura #17) — bbox: (255, 1341, 3168, 295)
2026-05-10 02:44:24,357  core.coordinate_exporter        INFO        Line 5: TEXT — 1 segment(s), 0 separator(s)
2026-05-10 02:44:24,357  core.coordinate_exporter        INFO          … Aya 4 of الإسراء (Sura #17) [continued] — bbox: (1485, 1790, 705, 177)
2026-05-10 02:44:24,357  core.coordinate_exporter        INFO        Line 6: TEXT — 1 segment(s), 0 separator(s)
2026-05-10 02:44:24,357  core.coordinate_exporter        INFO          … Aya 4 of الإسراء (Sura #17) [continued] — bbox: (930, 2092, 1824, 229)
2026-05-10 02:44:24,358  core.coordinate_exporter        INFO        Line 7: TEXT — 2 segment(s), 2 separator(s)
2026-05-10 02:44:24,358  core.coordinate_exporter        INFO          ✦ Aya 4 of الإسراء (Sura #17) — bbox: (1818, 2381, 1605, 295)
2026-05-10 02:44:24,358  core.coordinate_exporter        INFO          ✦ Aya 5 of الإسراء (Sura #17) — bbox: (252, 2381, 1566, 295)
2026-05-10 02:44:24,358  core.coordinate_exporter        INFO        Line 8: TEXT — 2 segment(s), 2 separator(s)
2026-05-10 02:44:24,359  core.coordinate_exporter        INFO          ✦ Aya 6 of الإسراء (Sura #17) — bbox: (1913, 2724, 1510, 298)
2026-05-10 02:44:24,359  core.coordinate_exporter        INFO          ✦ Aya 7 of الإسراء (Sura #17) — bbox: (253, 2724, 1660, 298)
2026-05-10 02:44:24,359  core.coordinate_exporter        INFO        Line 9: TEXT — 3 segment(s), 2 separator(s)
2026-05-10 02:44:24,359  core.coordinate_exporter        INFO          ✦ Aya 8 of الإسراء (Sura #17) — bbox: (1982, 3090, 1441, 284)
2026-05-10 02:44:24,359  core.coordinate_exporter        INFO          ✦ Aya 9 of الإسراء (Sura #17) — bbox: (827, 3090, 1155, 284)
2026-05-10 02:44:24,360  core.coordinate_exporter        INFO          … Aya 10 of الإسراء (Sura #17) [continued] — bbox: (261, 3090, 566, 284)
2026-05-10 02:44:24,360  core.coordinate_exporter        INFO        Line 10: TEXT — 3 segment(s), 3 separator(s)
2026-05-10 02:44:24,360  core.coordinate_exporter        INFO          ✦ Aya 10 of الإسراء (Sura #17) — bbox: (2609, 3431, 814, 307)
2026-05-10 02:44:24,360  core.coordinate_exporter        INFO          ✦ Aya 11 of الإسراء (Sura #17) — bbox: (1324, 3431, 1285, 307)
2026-05-10 02:44:24,361  core.coordinate_exporter        INFO          ✦ Aya 12 of الإسراء (Sura #17) — bbox: (256, 3431, 1068, 307)
2026-05-10 02:44:24,361  core.coordinate_exporter        INFO        Line 11: TEXT — 1 segment(s), 0 separator(s)
2026-05-10 02:44:24,361  core.coordinate_exporter        INFO          … Aya 13 of الإسراء (Sura #17) [continued] — bbox: (1483, 3914, 718, 170)
2026-05-10 02:44:24,361  core.coordinate_exporter        INFO        Line 12: TEXT — 1 segment(s), 0 separator(s)
2026-05-10 02:44:24,362  core.coordinate_exporter        INFO          … Aya 13 of الإسراء (Sura #17) [continued] — bbox: (930, 4198, 1824, 229)
2026-05-10 02:44:24,362  core.coordinate_exporter        INFO        Line 13: TEXT — 2 segment(s), 1 separator(s)
2026-05-10 02:44:24,362  core.coordinate_exporter        INFO          ✦ Aya 13 of الإسراء (Sura #17) — bbox: (809, 4471, 2612, 309)
2026-05-10 02:44:24,362  core.coordinate_exporter        INFO          … Aya 14 of الإسراء (Sura #17) [continued] — bbox: (261, 4471, 548, 309)
2026-05-10 02:44:24,363  core.coordinate_exporter        INFO        Line 14: TEXT — 2 segment(s), 2 separator(s)
2026-05-10 02:44:24,363  core.coordinate_exporter        INFO          ✦ Aya 14 of الإسراء (Sura #17) — bbox: (1990, 4851, 1433, 265)
2026-05-10 02:44:24,363  core.coordinate_exporter        INFO          ✦ Aya 15 of الإسراء (Sura #17) — bbox: (254, 4851, 1736, 265)
2026-05-10 02:44:24,364  core.coordinate_exporter        INFO        Line 15: TEXT — 2 segment(s), 2 separator(s)
2026-05-10 02:44:24,364  core.coordinate_exporter        INFO          ✦ Aya 16 of الإسراء (Sura #17) — bbox: (1785, 5192, 1638, 291)
2026-05-10 02:44:24,364  core.coordinate_exporter        INFO          ✦ Aya 17 of الإسراء (Sura #17) — bbox: (260, 5192, 1525, 291)
2026-05-10 02:44:24,484  core.page_processor             INFO          Saved results\602-l01-sura017-header.png
2026-05-10 02:44:24,572  core.page_processor             INFO          Saved results\602-l02-sura017-basmala.png
2026-05-10 02:44:24,606  core.page_processor             INFO          Saved results\602-l03-s01-sura017-aya001.png
2026-05-10 02:44:24,647  core.page_processor             INFO          Saved results\602-l03-s02-sura017-aya002.png
2026-05-10 02:44:24,678  core.page_processor             INFO          Saved results\602-l03-s03-sura017-aya003.png
2026-05-10 02:44:24,759  core.page_processor             INFO          Saved results\602-l04-sura017-aya003.png
2026-05-10 02:44:24,776  core.page_processor             INFO          Saved results\602-l05-sura017-aya004.png
2026-05-10 02:44:24,823  core.page_processor             INFO          Saved results\602-l06-sura017-aya004.png
2026-05-10 02:44:24,891  core.page_processor             INFO          Saved results\602-l07-s01-sura017-aya004.png
2026-05-10 02:44:24,959  core.page_processor             INFO          Saved results\602-l07-s02-sura017-aya005.png
2026-05-10 02:44:25,030  core.page_processor             INFO          Saved results\602-l08-s01-sura017-aya006.png
2026-05-10 02:44:25,102  core.page_processor             INFO          Saved results\602-l08-s02-sura017-aya007.png
2026-05-10 02:44:25,160  core.page_processor             INFO          Saved results\602-l09-s01-sura017-aya008.png
2026-05-10 02:44:25,189  core.page_processor             INFO          Saved results\602-l09-s02-sura017-aya009.png
2026-05-10 02:44:25,207  core.page_processor             INFO          Saved results\602-l09-s03-sura017-aya010.png
2026-05-10 02:44:25,234  core.page_processor             INFO          Saved results\602-l10-s01-sura017-aya010.png
2026-05-10 02:44:25,274  core.page_processor             INFO          Saved results\602-l10-s02-sura017-aya011.png
2026-05-10 02:44:25,302  core.page_processor             INFO          Saved results\602-l10-s03-sura017-aya012.png
2026-05-10 02:44:25,314  core.page_processor             INFO          Saved results\602-l11-sura017-aya013.png
2026-05-10 02:44:25,351  core.page_processor             INFO          Saved results\602-l12-sura017-aya013.png
2026-05-10 02:44:25,409  core.page_processor             INFO          Saved results\602-l13-s01-sura017-aya013.png
2026-05-10 02:44:25,423  core.page_processor             INFO          Saved results\602-l13-s02-sura017-aya014.png
2026-05-10 02:44:25,454  core.page_processor             INFO          Saved results\602-l14-s01-sura017-aya014.png
2026-05-10 02:44:25,490  core.page_processor             INFO          Saved results\602-l14-s02-sura017-aya015.png
2026-05-10 02:44:25,528  core.page_processor             INFO          Saved results\602-l15-s01-sura017-aya016.png
2026-05-10 02:44:25,579  core.page_processor             INFO          Saved results\602-l15-s02-sura017-aya017.png
2026-05-10 02:44:25,580  core.page_processor             INFO        Exported 26 image(s) for 602.png
2026-05-10 02:44:25,581  core.page_processor             INFO        Finished 602.png: detected=15 lines
2026-05-10 02:44:25,581  core.pipeline                   INFO      Processing 603.png
2026-05-10 02:44:25,782  core.page_processor             INFO      
2026-05-10 02:44:25,782  core.page_processor             INFO      ━━━━━━━━━━━━━━━━━━━━━━━━━━━━━━━━━━━━━━━━━━━━━━━━━━
2026-05-10 02:44:25,783  core.page_processor             INFO      📄 PAGE 21 — 603.png
2026-05-10 02:44:25,783  core.page_processor             INFO      ━━━━━━━━━━━━━━━━━━━━━━━━━━━━━━━━━━━━━━━━━━━━━━━━━━
2026-05-10 02:44:25,801  core.line_detector              INFO        Detected 15 lines
2026-05-10 02:44:25,803  core.page_processor             WARNING     Classification failed, skipping: OpenCV(4.13.0) D:\a\opencv-python\opencv-python\opencv\modules\imgproc\src\templmatch.cpp:1179: error: (-215:Assertion failed) _img.size().height <= _templ.size().height && _img.size().width <= _templ.size().width in function 'cv::matchTemplate'

2026-05-10 02:44:27,038  core.aya_separator              INFO        Line 3: 2 segment(s), 2 separator(s)
2026-05-10 02:44:27,949  core.aya_separator              INFO        Line 4: 2 segment(s), 1 separator(s)
2026-05-10 02:44:28,273  core.aya_separator              INFO        Line 5: 1 segment(s), 1 separator(s)
2026-05-10 02:44:29,548  core.aya_separator              INFO        Line 8: 2 segment(s), 1 separator(s)
2026-05-10 02:44:30,401  core.aya_separator              INFO        Line 9: 3 segment(s), 2 separator(s)
2026-05-10 02:44:31,321  core.aya_separator              INFO        Line 10: 2 segment(s), 2 separator(s)
2026-05-10 02:44:32,172  core.aya_separator              INFO        Line 11: 2 segment(s), 2 separator(s)
2026-05-10 02:44:33,576  core.aya_separator              INFO        Line 14: 2 segment(s), 2 separator(s)
2026-05-10 02:44:33,902  core.aya_separator              INFO        Line 15: 1 segment(s), 1 separator(s)
2026-05-10 02:44:33,902  core.coordinate_exporter        INFO        Line 1: TEXT — 1 segment(s), 0 separator(s)
2026-05-10 02:44:33,902  core.coordinate_exporter        INFO          … Aya 18 of الإسراء (Sura #17) [continued] — bbox: (1536, 370, 652, 181)
2026-05-10 02:44:33,902  core.coordinate_exporter        INFO        Line 2: TEXT — 1 segment(s), 0 separator(s)
2026-05-10 02:44:33,903  core.coordinate_exporter        INFO          … Aya 18 of الإسراء (Sura #17) [continued] — bbox: (950, 689, 1824, 228)
2026-05-10 02:44:33,903  core.coordinate_exporter        INFO        Line 3: TEXT — 2 segment(s), 2 separator(s)
2026-05-10 02:44:33,903  core.coordinate_exporter        INFO          ✦ Aya 18 of الإسراء (Sura #17) — bbox: (2386, 1005, 1053, 288)
2026-05-10 02:44:33,903  core.coordinate_exporter        INFO          ✦ Aya 19 of الإسراء (Sura #17) — bbox: (275, 1005, 2111, 288)
2026-05-10 02:44:33,904  core.coordinate_exporter        INFO        Line 4: TEXT — 2 segment(s), 1 separator(s)
2026-05-10 02:44:33,904  core.coordinate_exporter        INFO          ✦ Aya 20 of الإسراء (Sura #17) — bbox: (1448, 1342, 1991, 280)
2026-05-10 02:44:33,904  core.coordinate_exporter        INFO          … Aya 21 of الإسراء (Sura #17) [continued] — bbox: (284, 1342, 1164, 280)
2026-05-10 02:44:33,904  core.coordinate_exporter        INFO        Line 5: TEXT — 1 segment(s), 1 separator(s)
2026-05-10 02:44:33,904  core.coordinate_exporter        INFO          ✦ Aya 21 of الإسراء (Sura #17) — bbox: (848, 1728, 1941, 231)
2026-05-10 02:44:33,905  core.coordinate_exporter        INFO        Line 6: TEXT — 1 segment(s), 0 separator(s)
2026-05-10 02:44:33,905  core.coordinate_exporter        INFO          … Aya 22 of الإسراء (Sura #17) [continued] — bbox: (1462, 2116, 799, 233)
2026-05-10 02:44:33,905  core.coordinate_exporter        INFO        Line 7: TEXT — 1 segment(s), 0 separator(s)
2026-05-10 02:44:33,905  core.coordinate_exporter        INFO          … Aya 22 of الإسراء (Sura #17) [continued] — bbox: (871, 2465, 1903, 234)
2026-05-10 02:44:33,905  core.coordinate_exporter        INFO        Line 8: TEXT — 2 segment(s), 1 separator(s)
2026-05-10 02:44:33,906  core.coordinate_exporter        INFO          ✦ Aya 22 of الإسراء (Sura #17) — bbox: (1436, 2735, 2003, 294)
2026-05-10 02:44:33,906  core.coordinate_exporter        INFO          … Aya 23 of الإسراء (Sura #17) [continued] — bbox: (284, 2735, 1152, 294)
2026-05-10 02:44:33,906  core.coordinate_exporter        INFO        Line 9: TEXT — 3 segment(s), 2 separator(s)
2026-05-10 02:44:33,906  core.coordinate_exporter        INFO          ✦ Aya 23 of الإسراء (Sura #17) — bbox: (2778, 3082, 662, 281)
2026-05-10 02:44:33,907  core.coordinate_exporter        INFO          ✦ Aya 24 of الإسراء (Sura #17) — bbox: (651, 3082, 2127, 281)
2026-05-10 02:44:33,907  core.coordinate_exporter        INFO          … Aya 25 of الإسراء (Sura #17) [continued] — bbox: (284, 3082, 367, 281)
2026-05-10 02:44:33,907  core.coordinate_exporter        INFO        Line 10: TEXT — 2 segment(s), 2 separator(s)
2026-05-10 02:44:33,907  core.coordinate_exporter        INFO          ✦ Aya 25 of الإسراء (Sura #17) — bbox: (2459, 3445, 981, 272)
2026-05-10 02:44:33,907  core.coordinate_exporter        INFO          ✦ Aya 26 of الإسراء (Sura #17) — bbox: (282, 3445, 2177, 272)
2026-05-10 02:44:33,908  core.coordinate_exporter        INFO        Line 11: TEXT — 2 segment(s), 2 separator(s)
2026-05-10 02:44:33,908  core.coordinate_exporter        INFO          ✦ Aya 27 of الإسراء (Sura #17) — bbox: (1858, 3822, 1335, 235)
2026-05-10 02:44:33,908  core.coordinate_exporter        INFO          ✦ Aya 28 of الإسراء (Sura #17) — bbox: (519, 3822, 1339, 235)
2026-05-10 02:44:33,908  core.coordinate_exporter        INFO        Line 12: TEXT — 1 segment(s), 0 separator(s)
2026-05-10 02:44:33,909  core.coordinate_exporter        INFO          … Aya 29 of الإسراء (Sura #17) [continued] — bbox: (1508, 4179, 708, 239)
2026-05-10 02:44:33,909  core.coordinate_exporter        INFO        Line 13: TEXT — 1 segment(s), 0 separator(s)
2026-05-10 02:44:33,909  core.coordinate_exporter        INFO          … Aya 29 of الإسراء (Sura #17) [continued] — bbox: (949, 4538, 1825, 228)
2026-05-10 02:44:33,909  core.coordinate_exporter        INFO        Line 14: TEXT — 2 segment(s), 2 separator(s)
2026-05-10 02:44:33,910  core.coordinate_exporter        INFO          ✦ Aya 29 of الإسراء (Sura #17) — bbox: (1778, 4820, 1662, 287)
2026-05-10 02:44:33,910  core.coordinate_exporter        INFO          ✦ Aya 30 of الإسراء (Sura #17) — bbox: (273, 4820, 1505, 287)
2026-05-10 02:44:33,910  core.coordinate_exporter        INFO        Line 15: TEXT — 1 segment(s), 1 separator(s)
2026-05-10 02:44:33,910  core.coordinate_exporter        INFO          ✦ Aya 31 of الإسراء (Sura #17) — bbox: (1053, 5188, 1640, 255)
2026-05-10 02:44:33,921  core.page_processor             INFO          Saved results\603-l01-sura017-aya018.png
2026-05-10 02:44:33,953  core.page_processor             INFO          Saved results\603-l02-sura017-aya018.png
2026-05-10 02:44:33,977  core.page_processor             INFO          Saved results\603-l03-s01-sura017-aya018.png
2026-05-10 02:44:34,027  core.page_processor             INFO          Saved results\603-l03-s02-sura017-aya019.png
2026-05-10 02:44:34,078  core.page_processor             INFO          Saved results\603-l04-s01-sura017-aya020.png
2026-05-10 02:44:34,106  core.page_processor             INFO          Saved results\603-l04-s02-sura017-aya021.png
2026-05-10 02:44:34,154  core.page_processor             INFO          Saved results\603-l05-sura017-aya021.png
2026-05-10 02:44:34,173  core.page_processor             INFO          Saved results\603-l06-sura017-aya022.png
2026-05-10 02:44:34,221  core.page_processor             INFO          Saved results\603-l07-sura017-aya022.png
2026-05-10 02:44:34,312  core.page_processor             INFO          Saved results\603-l08-s01-sura017-aya022.png
2026-05-10 02:44:34,355  core.page_processor             INFO          Saved results\603-l08-s02-sura017-aya023.png
2026-05-10 02:44:34,375  core.page_processor             INFO          Saved results\603-l09-s01-sura017-aya023.png
2026-05-10 02:44:34,430  core.page_processor             INFO          Saved results\603-l09-s02-sura017-aya024.png
2026-05-10 02:44:34,442  core.page_processor             INFO          Saved results\603-l09-s03-sura017-aya025.png
2026-05-10 02:44:34,472  core.page_processor             INFO          Saved results\603-l10-s01-sura017-aya025.png
2026-05-10 02:44:34,583  core.page_processor             INFO          Saved results\603-l10-s02-sura017-aya026.png
2026-05-10 02:44:34,635  core.page_processor             INFO          Saved results\603-l11-s01-sura017-aya027.png
2026-05-10 02:44:34,701  core.page_processor             INFO          Saved results\603-l11-s02-sura017-aya028.png
2026-05-10 02:44:34,736  core.page_processor             INFO          Saved results\603-l12-sura017-aya029.png
2026-05-10 02:44:34,808  core.page_processor             INFO          Saved results\603-l13-sura017-aya029.png
2026-05-10 02:44:34,920  core.page_processor             INFO          Saved results\603-l14-s01-sura017-aya029.png
2026-05-10 02:44:35,040  core.page_processor             INFO          Saved results\603-l14-s02-sura017-aya030.png
2026-05-10 02:44:35,132  core.page_processor             INFO          Saved results\603-l15-sura017-aya031.png
2026-05-10 02:44:35,136  core.page_processor             INFO        Exported 23 image(s) for 603.png
2026-05-10 02:44:35,141  core.page_processor             INFO        Finished 603.png: detected=15 lines
2026-05-10 02:44:35,143  core.pipeline                   INFO      Processing 604.png
2026-05-10 02:44:35,456  core.page_processor             INFO      
2026-05-10 02:44:35,457  core.page_processor             INFO      ━━━━━━━━━━━━━━━━━━━━━━━━━━━━━━━━━━━━━━━━━━━━━━━━━━
2026-05-10 02:44:35,459  core.page_processor             INFO      📄 PAGE 22 — 604.png
2026-05-10 02:44:35,463  core.page_processor             INFO      ━━━━━━━━━━━━━━━━━━━━━━━━━━━━━━━━━━━━━━━━━━━━━━━━━━
2026-05-10 02:44:35,504  core.line_detector              INFO        Detected 15 lines
2026-05-10 02:44:35,521  core.classifier                 INFO        line 1: score=0.9864 → SURA
2026-05-10 02:44:35,565  core.classifier                 INFO        line 2: score=0.2369
2026-05-10 02:44:35,632  core.classifier                 INFO        line 3: score=0.2375
2026-05-10 02:44:35,676  core.classifier                 INFO        line 4: score=0.2375
2026-05-10 02:44:35,706  core.classifier                 INFO        line 5: score=0.2255
2026-05-10 02:44:35,707  core.page_processor             WARNING     Classification failed, skipping: OpenCV(4.13.0) D:\a\opencv-python\opencv-python\opencv\modules\imgproc\src\templmatch.cpp:1179: error: (-215:Assertion failed) _img.size().height <= _templ.size().height && _img.size().width <= _templ.size().width in function 'cv::matchTemplate'

2026-05-10 02:44:37,073  core.aya_separator              INFO        Line 3: 2 segment(s), 2 separator(s)
2026-05-10 02:44:38,278  core.aya_separator              INFO        Line 4: 2 segment(s), 2 separator(s)
2026-05-10 02:44:39,108  core.aya_separator              INFO        Line 5: 2 segment(s), 2 separator(s)
2026-05-10 02:44:40,481  core.aya_separator              INFO        Line 8: 2 segment(s), 1 separator(s)
2026-05-10 02:44:41,475  core.aya_separator              INFO        Line 9: 2 segment(s), 1 separator(s)
2026-05-10 02:44:41,994  core.aya_separator              INFO        Line 10: 1 segment(s), 1 separator(s)
2026-05-10 02:44:43,272  core.aya_separator              INFO        Line 13: 2 segment(s), 2 separator(s)
2026-05-10 02:44:44,086  core.aya_separator              INFO        Line 14: 2 segment(s), 2 separator(s)
2026-05-10 02:44:44,367  core.coordinate_exporter        INFO        Line 1: 📖 SURA HEADER — Starting Sura #18: الكهف (Al-Kahf)
2026-05-10 02:44:44,368  core.coordinate_exporter        INFO          Total ayas in this sura: 110
2026-05-10 02:44:44,368  core.coordinate_exporter        INFO        Line 2: ﷽  BASMALA — Sura #18 (الكهف)
2026-05-10 02:44:44,368  core.coordinate_exporter        INFO        Line 3: TEXT — 2 segment(s), 2 separator(s)
2026-05-10 02:44:44,369  core.coordinate_exporter        INFO          ✦ Aya 1 of الكهف (Sura #18) — bbox: (1821, 994, 1604, 283)
2026-05-10 02:44:44,369  core.coordinate_exporter        INFO          ✦ Aya 2 of الكهف (Sura #18) — bbox: (250, 994, 1571, 283)
2026-05-10 02:44:44,369  core.coordinate_exporter        INFO        Line 4: TEXT — 2 segment(s), 2 separator(s)
2026-05-10 02:44:44,369  core.coordinate_exporter        INFO          ✦ Aya 3 of الكهف (Sura #18) — bbox: (1712, 1330, 1713, 311)
2026-05-10 02:44:44,369  core.coordinate_exporter        INFO          ✦ Aya 4 of الكهف (Sura #18) — bbox: (252, 1330, 1460, 311)
2026-05-10 02:44:44,370  core.coordinate_exporter        INFO        Line 5: TEXT — 2 segment(s), 2 separator(s)
2026-05-10 02:44:44,370  core.coordinate_exporter        INFO          ✦ Aya 5 of الكهف (Sura #18) — bbox: (1744, 1694, 1681, 293)
2026-05-10 02:44:44,370  core.coordinate_exporter        INFO          ✦ Aya 6 of الكهف (Sura #18) — bbox: (252, 1694, 1492, 293)
2026-05-10 02:44:44,370  core.coordinate_exporter        INFO        Line 6: TEXT — 1 segment(s), 0 separator(s)
2026-05-10 02:44:44,370  core.coordinate_exporter        INFO          … Aya 7 of الكهف (Sura #18) [continued] — bbox: (1503, 2173, 679, 148)
2026-05-10 02:44:44,371  core.coordinate_exporter        INFO        Line 7: TEXT — 1 segment(s), 0 separator(s)
2026-05-10 02:44:44,371  core.coordinate_exporter        INFO          … Aya 7 of الكهف (Sura #18) [continued] — bbox: (930, 2448, 1824, 228)
2026-05-10 02:44:44,371  core.coordinate_exporter        INFO        Line 8: TEXT — 2 segment(s), 1 separator(s)
2026-05-10 02:44:44,371  core.coordinate_exporter        INFO          ✦ Aya 7 of الكهف (Sura #18) — bbox: (1372, 2739, 2053, 280)
2026-05-10 02:44:44,371  core.coordinate_exporter        INFO          … Aya 8 of الكهف (Sura #18) [continued] — bbox: (258, 2739, 1114, 280)
2026-05-10 02:44:44,372  core.coordinate_exporter        INFO        Line 9: TEXT — 2 segment(s), 1 separator(s)
2026-05-10 02:44:44,372  core.coordinate_exporter        INFO          ✦ Aya 8 of الكهف (Sura #18) — bbox: (1562, 3099, 1864, 289)
2026-05-10 02:44:44,372  core.coordinate_exporter        INFO          … Aya 9 of الكهف (Sura #18) [continued] — bbox: (258, 3099, 1304, 289)
2026-05-10 02:44:44,372  core.coordinate_exporter        INFO        Line 10: TEXT — 1 segment(s), 1 separator(s)
2026-05-10 02:44:44,372  core.coordinate_exporter        INFO          ✦ Aya 9 of الكهف (Sura #18) — bbox: (793, 3456, 2090, 257)
2026-05-10 02:44:44,373  core.coordinate_exporter        INFO        Line 11: TEXT — 1 segment(s), 0 separator(s)
2026-05-10 02:44:44,373  core.coordinate_exporter        INFO          … Aya 10 of الكهف (Sura #18) [continued] — bbox: (1505, 3839, 674, 226)
2026-05-10 02:44:44,373  core.coordinate_exporter        INFO        Line 12: TEXT — 1 segment(s), 0 separator(s)
2026-05-10 02:44:44,373  core.coordinate_exporter        INFO          … Aya 10 of الكهف (Sura #18) [continued] — bbox: (930, 4189, 1824, 229)
2026-05-10 02:44:44,373  core.coordinate_exporter        INFO        Line 13: TEXT — 2 segment(s), 2 separator(s)
2026-05-10 02:44:44,374  core.coordinate_exporter        INFO          ✦ Aya 10 of الكهف (Sura #18) — bbox: (1974, 4453, 1451, 325)
2026-05-10 02:44:44,374  core.coordinate_exporter        INFO          ✦ Aya 11 of الكهف (Sura #18) — bbox: (250, 4453, 1724, 325)
2026-05-10 02:44:44,374  core.coordinate_exporter        INFO        Line 14: TEXT — 2 segment(s), 2 separator(s)
2026-05-10 02:44:44,374  core.coordinate_exporter        INFO          ✦ Aya 12 of الكهف (Sura #18) — bbox: (1902, 4842, 1524, 287)
2026-05-10 02:44:44,375  core.coordinate_exporter        INFO          ✦ Aya 13 of الكهف (Sura #18) — bbox: (252, 4842, 1650, 287)
2026-05-10 02:44:44,375  core.coordinate_exporter        INFO        Line 15: TEXT — 1 segment(s), 0 separator(s)
2026-05-10 02:44:44,375  core.coordinate_exporter        INFO          … Aya 14 of الكهف (Sura #18) [continued] — bbox: (855, 5296, 1971, 169)
2026-05-10 02:44:44,441  core.page_processor             INFO          Saved results\604-l01-sura018-header.png
2026-05-10 02:44:44,511  core.page_processor             INFO          Saved results\604-l02-sura018-basmala.png
2026-05-10 02:44:44,558  core.page_processor             INFO          Saved results\604-l03-s01-sura018-aya001.png
2026-05-10 02:44:44,592  core.page_processor             INFO          Saved results\604-l03-s02-sura018-aya002.png
2026-05-10 02:44:44,645  core.page_processor             INFO          Saved results\604-l04-s01-sura018-aya003.png
2026-05-10 02:44:44,688  core.page_processor             INFO          Saved results\604-l04-s02-sura018-aya004.png
2026-05-10 02:44:44,730  core.page_processor             INFO          Saved results\604-l05-s01-sura018-aya005.png
2026-05-10 02:44:44,771  core.page_processor             INFO          Saved results\604-l05-s02-sura018-aya006.png
2026-05-10 02:44:44,794  core.page_processor             INFO          Saved results\604-l06-sura018-aya007.png
2026-05-10 02:44:44,843  core.page_processor             INFO          Saved results\604-l07-sura018-aya007.png
2026-05-10 02:44:44,903  core.page_processor             INFO          Saved results\604-l08-s01-sura018-aya007.png
2026-05-10 02:44:44,927  core.page_processor             INFO          Saved results\604-l08-s02-sura018-aya008.png
2026-05-10 02:44:44,974  core.page_processor             INFO          Saved results\604-l09-s01-sura018-aya008.png
2026-05-10 02:44:45,003  core.page_processor             INFO          Saved results\604-l09-s02-sura018-aya009.png
2026-05-10 02:44:45,050  core.page_processor             INFO          Saved results\604-l10-sura018-aya009.png
2026-05-10 02:44:45,065  core.page_processor             INFO          Saved results\604-l11-sura018-aya010.png
2026-05-10 02:44:45,111  core.page_processor             INFO          Saved results\604-l12-sura018-aya010.png
2026-05-10 02:44:45,174  core.page_processor             INFO          Saved results\604-l13-s01-sura018-aya010.png
2026-05-10 02:44:45,263  core.page_processor             INFO          Saved results\604-l13-s02-sura018-aya011.png
2026-05-10 02:44:45,316  core.page_processor             INFO          Saved results\604-l14-s01-sura018-aya012.png
2026-05-10 02:44:45,379  core.page_processor             INFO          Saved results\604-l14-s02-sura018-aya013.png
2026-05-10 02:44:45,423  core.page_processor             INFO          Saved results\604-l15-sura018-aya014.png
2026-05-10 02:44:45,424  core.page_processor             INFO        Exported 22 image(s) for 604.png
2026-05-10 02:44:45,424  core.page_processor             INFO        Finished 604.png: detected=15 lines
2026-05-10 02:44:45,425  core.pipeline                   INFO      Processing 605.png
2026-05-10 02:44:45,599  core.page_processor             INFO      
2026-05-10 02:44:45,600  core.page_processor             INFO      ━━━━━━━━━━━━━━━━━━━━━━━━━━━━━━━━━━━━━━━━━━━━━━━━━━
2026-05-10 02:44:45,600  core.page_processor             INFO      📄 PAGE 23 — 605.png
2026-05-10 02:44:45,600  core.page_processor             INFO      ━━━━━━━━━━━━━━━━━━━━━━━━━━━━━━━━━━━━━━━━━━━━━━━━━━
2026-05-10 02:44:45,621  core.line_detector              INFO        Detected 15 lines
2026-05-10 02:44:45,630  core.classifier                 INFO        line 1: score=0.9874 → SURA
2026-05-10 02:44:45,648  core.classifier                 INFO        line 2: score=0.2371
2026-05-10 02:44:45,686  core.classifier                 INFO        line 3: score=0.2302
2026-05-10 02:44:45,712  core.classifier                 INFO        line 4: score=0.2310
2026-05-10 02:44:45,719  core.classifier                 INFO        line 5: score=0.9859 → SURA
2026-05-10 02:44:45,735  core.classifier                 INFO        line 6: score=0.2372
2026-05-10 02:44:45,771  core.classifier                 INFO        line 7: score=0.2510
2026-05-10 02:44:45,800  core.classifier                 INFO        line 8: score=0.3344
2026-05-10 02:44:45,810  core.classifier                 INFO        line 9: score=0.2417
2026-05-10 02:44:45,815  core.classifier                 INFO        line 10: score=0.9889 → SURA
2026-05-10 02:44:45,824  core.classifier                 INFO        line 11: score=0.2372
2026-05-10 02:44:45,849  core.classifier                 INFO        line 12: score=0.2970
2026-05-10 02:44:45,876  core.classifier                 INFO        line 13: score=0.3331
2026-05-10 02:44:45,910  core.classifier                 INFO        line 14: score=0.2874
2026-05-10 02:44:45,927  core.classifier                 INFO        line 15: score=0.1556
2026-05-10 02:44:47,133  core.aya_separator              INFO        Line 3: 3 segment(s), 3 separator(s)
2026-05-10 02:44:47,509  core.aya_separator              INFO        Line 4: 1 segment(s), 1 separator(s)
2026-05-10 02:44:48,596  core.aya_separator              INFO        Line 7: 3 segment(s), 2 separator(s)
2026-05-10 02:44:49,416  core.aya_separator              INFO        Line 8: 2 segment(s), 2 separator(s)
2026-05-10 02:44:49,691  core.aya_separator              INFO        Line 9: 1 segment(s), 1 separator(s)
2026-05-10 02:44:50,785  core.aya_separator              INFO        Line 12: 3 segment(s), 2 separator(s)
2026-05-10 02:44:51,430  core.aya_separator              INFO        Line 13: 3 segment(s), 2 separator(s)
2026-05-10 02:44:52,071  core.aya_separator              INFO        Line 14: 1 segment(s), 1 separator(s)
2026-05-10 02:44:52,453  core.aya_separator              INFO        Line 15: 1 segment(s), 1 separator(s)
2026-05-10 02:44:52,453  core.coordinate_exporter        INFO        Line 1: 📖 SURA HEADER — Starting Sura #19: مريم (Maryam)
2026-05-10 02:44:52,454  core.coordinate_exporter        INFO          Total ayas in this sura: 98
2026-05-10 02:44:52,454  core.coordinate_exporter        INFO        Line 2: ﷽  BASMALA — Sura #19 (مريم)
2026-05-10 02:44:52,454  core.coordinate_exporter        INFO        Line 3: TEXT — 3 segment(s), 3 separator(s)
2026-05-10 02:44:52,455  core.coordinate_exporter        INFO          ✦ Aya 1 of مريم (Sura #19) — bbox: (2335, 993, 1087, 298)
2026-05-10 02:44:52,455  core.coordinate_exporter        INFO          ✦ Aya 2 of مريم (Sura #19) — bbox: (1374, 993, 961, 298)
2026-05-10 02:44:52,455  core.coordinate_exporter        INFO          ✦ Aya 3 of مريم (Sura #19) — bbox: (295, 993, 1079, 298)
2026-05-10 02:44:52,456  core.coordinate_exporter        INFO        Line 4: TEXT — 1 segment(s), 1 separator(s)
2026-05-10 02:44:52,456  core.coordinate_exporter        INFO          ✦ Aya 4 of مريم (Sura #19) — bbox: (998, 1338, 1722, 288)
2026-05-10 02:44:52,456  core.coordinate_exporter        INFO        Line 5: 📖 SURA HEADER — Starting Sura #20: طه (Taha)
2026-05-10 02:44:52,456  core.coordinate_exporter        INFO          Total ayas in this sura: 135
2026-05-10 02:44:52,457  core.coordinate_exporter        INFO        Line 6: ﷽  BASMALA — Sura #20 (طه)
2026-05-10 02:44:52,457  core.coordinate_exporter        INFO        Line 7: TEXT — 3 segment(s), 2 separator(s)
2026-05-10 02:44:52,457  core.coordinate_exporter        INFO          ✦ Aya 1 of طه (Sura #20) — bbox: (2029, 2389, 1393, 309)
2026-05-10 02:44:52,457  core.coordinate_exporter        INFO          ✦ Aya 2 of طه (Sura #20) — bbox: (898, 2389, 1131, 309)
2026-05-10 02:44:52,458  core.coordinate_exporter        INFO          … Aya 3 of طه (Sura #20) [continued] — bbox: (301, 2389, 597, 309)
2026-05-10 02:44:52,458  core.coordinate_exporter        INFO        Line 8: TEXT — 2 segment(s), 2 separator(s)
2026-05-10 02:44:52,461  core.coordinate_exporter        INFO          ✦ Aya 3 of طه (Sura #20) — bbox: (2246, 2742, 1176, 290)
2026-05-10 02:44:52,467  core.coordinate_exporter        INFO          ✦ Aya 4 of طه (Sura #20) — bbox: (294, 2742, 1952, 290)
2026-05-10 02:44:52,469  core.coordinate_exporter        INFO        Line 9: TEXT — 1 segment(s), 1 separator(s)
2026-05-10 02:44:52,471  core.coordinate_exporter        INFO          ✦ Aya 5 of طه (Sura #20) — bbox: (963, 3142, 1725, 235)
2026-05-10 02:44:52,473  core.coordinate_exporter        INFO        Line 10: 📖 SURA HEADER — Starting Sura #21: الأنبياء (Al-Anbiya)
2026-05-10 02:44:52,474  core.coordinate_exporter        INFO          Total ayas in this sura: 112
2026-05-10 02:44:52,475  core.coordinate_exporter        INFO        Line 11: ﷽  BASMALA — Sura #21 (الأنبياء)
2026-05-10 02:44:52,476  core.coordinate_exporter        INFO        Line 12: TEXT — 3 segment(s), 2 separator(s)
2026-05-10 02:44:52,476  core.coordinate_exporter        INFO          ✦ Aya 1 of الأنبياء (Sura #21) — bbox: (1846, 4147, 1576, 276)
2026-05-10 02:44:52,477  core.coordinate_exporter        INFO          ✦ Aya 2 of الأنبياء (Sura #21) — bbox: (586, 4147, 1260, 276)
2026-05-10 02:44:52,481  core.coordinate_exporter        INFO          … Aya 3 of الأنبياء (Sura #21) [continued] — bbox: (302, 4147, 284, 276)
2026-05-10 02:44:52,482  core.coordinate_exporter        INFO        Line 13: TEXT — 3 segment(s), 2 separator(s)
2026-05-10 02:44:52,483  core.coordinate_exporter        INFO          ✦ Aya 3 of الأنبياء (Sura #21) — bbox: (2717, 4541, 701, 245)
2026-05-10 02:44:52,483  core.coordinate_exporter        INFO          ✦ Aya 4 of الأنبياء (Sura #21) — bbox: (658, 4541, 2059, 245)
2026-05-10 02:44:52,484  core.coordinate_exporter        INFO          … Aya 5 of الأنبياء (Sura #21) [continued] — bbox: (301, 4541, 357, 245)
2026-05-10 02:44:52,484  core.coordinate_exporter        INFO        Line 14: TEXT — 1 segment(s), 1 separator(s)
2026-05-10 02:44:52,484  core.coordinate_exporter        INFO          ✦ Aya 5 of الأنبياء (Sura #21) — bbox: (797, 4884, 2127, 250)
2026-05-10 02:44:52,485  core.coordinate_exporter        INFO        Line 15: TEXT — 1 segment(s), 1 separator(s)
2026-05-10 02:44:52,485  core.coordinate_exporter        INFO          ✦ Aya 6 of الأنبياء (Sura #21) — bbox: (1077, 5233, 1562, 236)
2026-05-10 02:44:52,620  core.page_processor             INFO          Saved results\605-l01-sura019-header.png
2026-05-10 02:44:52,750  core.page_processor             INFO          Saved results\605-l02-sura019-basmala.png
2026-05-10 02:44:52,803  core.page_processor             INFO          Saved results\605-l03-s01-sura019-aya001.png
2026-05-10 02:44:52,836  core.page_processor             INFO          Saved results\605-l03-s02-sura019-aya002.png
2026-05-10 02:44:52,876  core.page_processor             INFO          Saved results\605-l03-s03-sura019-aya003.png
2026-05-10 02:44:52,939  core.page_processor             INFO          Saved results\605-l04-sura019-aya004.png
2026-05-10 02:44:53,020  core.page_processor             INFO          Saved results\605-l05-sura020-header.png
2026-05-10 02:44:53,128  core.page_processor             INFO          Saved results\605-l06-sura020-basmala.png
2026-05-10 02:44:53,200  core.page_processor             INFO          Saved results\605-l07-s01-sura020-aya001.png
2026-05-10 02:44:53,258  core.page_processor             INFO          Saved results\605-l07-s02-sura020-aya002.png
2026-05-10 02:44:53,293  core.page_processor             INFO          Saved results\605-l07-s03-sura020-aya003.png
2026-05-10 02:44:53,357  core.page_processor             INFO          Saved results\605-l08-s01-sura020-aya003.png
2026-05-10 02:44:53,474  core.page_processor             INFO          Saved results\605-l08-s02-sura020-aya004.png
2026-05-10 02:44:53,546  core.page_processor             INFO          Saved results\605-l09-sura020-aya005.png
2026-05-10 02:44:53,657  core.page_processor             INFO          Saved results\605-l10-sura021-header.png
2026-05-10 02:44:53,769  core.page_processor             INFO          Saved results\605-l11-sura021-basmala.png
2026-05-10 02:44:53,826  core.page_processor             INFO          Saved results\605-l12-s01-sura021-aya001.png
2026-05-10 02:44:53,876  core.page_processor             INFO          Saved results\605-l12-s02-sura021-aya002.png
2026-05-10 02:44:53,890  core.page_processor             INFO          Saved results\605-l12-s03-sura021-aya003.png
2026-05-10 02:44:53,927  core.page_processor             INFO          Saved results\605-l13-s01-sura021-aya003.png
2026-05-10 02:44:53,999  core.page_processor             INFO          Saved results\605-l13-s02-sura021-aya004.png
2026-05-10 02:44:54,015  core.page_processor             INFO          Saved results\605-l13-s03-sura021-aya005.png
2026-05-10 02:44:54,097  core.page_processor             INFO          Saved results\605-l14-sura021-aya005.png
2026-05-10 02:44:54,153  core.page_processor             INFO          Saved results\605-l15-sura021-aya006.png
2026-05-10 02:44:54,154  core.page_processor             INFO        Exported 24 image(s) for 605.png
2026-05-10 02:44:54,157  core.page_processor             INFO        Finished 605.png: detected=15 lines
2026-05-10 02:44:54,161  core.pipeline                   INFO      ============================================================
2026-05-10 02:44:54,167  core.pipeline                   INFO      PIPELINE COMPLETE
2026-05-10 02:44:54,171  core.pipeline                   INFO      Pages processed: 23
2026-05-10 02:44:54,172  core.pipeline                   INFO      Ended at Sura #21 (الأنبياء), Aya 7
2026-05-10 02:44:54,175  core.pipeline                   INFO      ============================================================
